date,iso_a3,currency_code,name,local_price,dollar_ex,dollar_price,USD,EUR,GBP,JPY,CNY
1/04/2000,ARG,ARS,Argentina,2.5,1,2.5,0.11607,0.05007,-0.16722,-0.09864,1.09091
1/04/2000,AUS,AUD,Australia,2.59,1.68,1.541666667,-0.31176,-0.35246,-0.48645,-0.44416,0.28939
1/04/2000,BRA,BRL,Brazil,2.95,1.79,1.648044693,-0.26427,-0.30778,-0.45102,-0.40581,0.37836
1/04/2000,GBR,GBP,Britain,1.9,0.632911392,3.002000002,0.34018,0.26092,0,0.08235,1.51076
1/04/2000,CAN,CAD,Canada,2.85,1.47,1.93877551,-0.13448,-0.18566,-0.35417,-0.30099,0.62152
,,,,,,,,,,,
1/04/2000,CHN,CNY,China,9.9,8.28,1.195652174,-0.46623,-0.49779,-0.60171,-0.56891,0
,,,,,,,,,,,
,,,,,,,,,,,
,,,,,,,,,,,
,,,,,,,,,,,
,,,,,,,,,,,
1/04/2000,IDN,IDR,Indonesia,14500,7945,1.825047199,-0.18525,-0.23343,-0.39206,-0.34199,0.5264
,,,,,,,,,,,
1/04/2000,JPN,JPY,Japan,294,106,2.773584906,0.23821,0.16498,-0.07609,0,1.31973
,,,,,,,,,,,
1/04/2000,MEX,MXN,Mexico,20.9,9.41,2.221041445,-0.00846,-0.0671,-0.26015,-0.19922,0.8576
,,,,,,,,,,,
,,,,,,,,,,,
1/04/2000,RUS,RUB,Russia,39.5,28.5,1.385964912,-0.38127,-0.41786,-0.53832,-0.5003,0.15917
,,,,,,,,,,,
1/04/2000,ZAF,ZAR,South Africa,9,6.72,1.339285714,-0.4021,-0.43746,-0.55387,-0.51713,0.12013
1/04/2000,KOR,KRW,South Korea,3000,1108,2.707581227,0.20874,0.13726,-0.09807,-0.0238,1.26452
,,,,,,,,,,,
,,,,,,,,,,,
,,,,,,,,,,,
,,,,,,,,,,,
1/04/2000,USA,USD,United States,2.24,1,2.24,0,-0.05914,-0.25383,-0.19238,0.87345
1/04/2001,ARG,ARS,Argentina,2.5,1,2.5,0.11607,0.10541,-0.12148,0.05442,1.09091
1/04/2001,AUS,AUD,Australia,3,1.98,1.515151515,-0.32359,-0.33005,-0.46756,-0.36096,0.26722
1/04/2001,BRA,BRL,Brazil,3.6,2.19,1.643835616,-0.26614,-0.27315,-0.42234,-0.30668,0.37484
1/04/2001,GBR,GBP,Britain,1.99,0.699300699,2.845700001,0.2704,0.25827,0,0.20023,1.38004
1/04/2001,CAN,CAD,Canada,3.33,1.56,2.134615385,-0.04705,-0.05615,-0.24988,-0.09969,0.78531
,,,,,,,,,,,
1/04/2001,CHN,CNY,China,9.9,8.28,1.195652174,-0.46623,-0.47132,-0.57984,-0.49571,0
,,,,,,,,,,,
,,,,,,,,,,,
,,,,,,,,,,,
,,,,,,,,,,,
,,,,,,,,,,,
1/04/2001,IDN,IDR,Indonesia,14700,10855,1.354214648,-0.39544,-0.40121,-0.52412,-0.42883,0.13262
1/04/2001,JPN,JPY,Japan,294,124,2.370967742,0.05847,0.04836,-0.16682,0,0.98299
,,,,,,,,,,,
1/04/2001,MEX,MXN,Mexico,21.9,9.29,2.35737352,0.0524,0.04235,-0.1716,-0.00573,0.97162
,,,,,,,,,,,
,,,,,,,,,,,
,,,,,,,,,,,
1/04/2001,RUS,RUB,Russia,35,28.9,1.211072664,-0.45934,-0.46451,-0.57442,-0.48921,0.0129
,,,,,,,,,,,
1/04/2001,ZAF,ZAR,South Africa,9.7,8.13,1.193111931,-0.46736,-0.47245,-0.58073,-0.49678,-0.00212
1/04/2001,KOR,KRW,South Korea,3000,1325,2.264150943,0.01078,0.00113,-0.20436,-0.04505,0.89365
,,,,,,,,,,,
,,,,,,,,,,,
,,,,,,,,,,,
,,,,,,,,,,,
1/04/2001,USA,USD,United States,2.24,1,2.24,0,-0.00955,-0.21285,-0.05524,0.87345
1/04/2002,ARG,ARS,Argentina,2.5,3.13,0.798722045,-0.66012,-0.66388,-0.72319,-0.60369,-0.37015
1/04/2002,AUS,AUD,Australia,3,1.86,1.612903226,-0.31366,-0.32125,-0.44103,-0.1997,0.27189
1/04/2002,BRA,BRL,Brazil,3.6,2.34,1.538461538,-0.34534,-0.35258,-0.46683,-0.23664,0.21319
1/04/2002,GBR,GBP,Britain,1.99,0.689655172,2.885500002,0.22787,0.21428,0,0.43174,1.27542
1/04/2002,CAN,CAD,Canada,3.33,1.57,2.121019108,-0.09744,-0.10743,-0.26494,0.05241,0.67258
,,,,,,,,,,,
1/04/2002,CHN,CNY,China,10.5,8.28,1.268115942,-0.46038,-0.46635,-0.56052,-0.37078,0
,,,,,,,,,,,
,,,,,,,,,,,
,,,,,,,,,,,
,,,,,,,,,,,
,,,,,,,,,,,
1/04/2002,IDN,IDR,Indonesia,16000,9430,1.696712619,-0.27799,-0.28599,-0.41199,-0.15812,0.33798
,,,,,,,,,,,
1/04/2002,JPN,JPY,Japan,262,130,2.015384615,-0.14239,-0.15188,-0.30155,0,0.58927
,,,,,,,,,,,
1/04/2002,MEX,MXN,Mexico,21.9,9.28,2.359913793,0.00422,-0.0069,-0.18215,0.17095,0.86096
,,,,,,,,,,,
,,,,,,,,,,,
,,,,,,,,,,,
,,,,,,,,,,,
,,,,,,,,,,,
1/04/2002,RUS,RUB,Russia,39,31.2,1.25,-0.46809,-0.47397,-0.5668,-0.37977,-0.01429
,,,,,,,,,,,
1/04/2002,ZAF,ZAR,South Africa,9.7,10.9,0.889908257,-0.62132,-0.62551,-0.69159,-0.55844,-0.29824
1/04/2002,KOR,KRW,South Korea,3100,1304,2.377300613,0.01162,0.00042,-0.17612,0.17958,0.87467
,,,,,,,,,,,
,,,,,,,,,,,
,,,,,,,,,,,
,,,,,,,,,,,
1/04/2002,TUR,TRY,Turkey,4.00E+06,1324500,3.02000755,0.28511,0.27089,0.04661,0.49848,1.38149
1/04/2002,USA,USD,United States,2.35,1,2.35,0,-0.01107,-0.18558,0.16603,0.85314
,,,,,,,,,,,
1/04/2003,ARG,ARS,Argentina,4.1,2.88,1.423611111,-0.4213,-0.52244,-0.54723,-0.34796,0.19066
1/04/2003,AUS,AUD,Australia,3,1.61,1.863354037,-0.24254,-0.37492,-0.40737,-0.14656,0.55844
1/04/2003,BRA,BRL,Brazil,4.55,3.07,1.482084691,-0.39753,-0.50282,-0.52863,-0.32118,0.23956
1/04/2003,GBR,GBP,Britain,1.99,0.632911392,3.144200002,0.27813,0.05475,0,0.44009,1.62969
1/04/2003,CAN,CAD,Canada,3.2,1.45,2.206896552,-0.10289,-0.25968,-0.29811,0.01079,0.84577
,,,,,,,,,,,
1/04/2003,CHN,CNY,China,9.9,8.28,1.195652174,-0.51396,-0.59891,-0.61973,-0.45237,0
,,,,,,,,,,,
,,,,,,,,,,,
,,,,,,,,,,,
,,,,,,,,,,,
,,,,,,,,,,,
,,,,,,,,,,,
1/04/2003,IDN,IDR,Indonesia,16100,8740,1.842105263,-0.25118,-0.38205,-0.41413,-0.15629,0.54067
1/04/2003,JPN,JPY,Japan,262,120,2.183333333,-0.11247,-0.26758,-0.3056,0,0.82606
,,,,,,,,,,,
1/04/2003,MEX,MXN,Mexico,23,10.53,2.184235518,-0.1121,-0.26728,-0.30531,0.00041,0.82682
,,,,,,,,,,,
,,,,,,,,,,,
,,,,,,,,,,,
,,,,,,,,,,,
1/04/2003,RUS,RUB,Russia,41,31.1,1.318327974,-0.46409,-0.55776,-0.58071,-0.39619,0.1026
,,,,,,,,,,,
1/04/2003,ZAF,ZAR,South Africa,13.95,7.56,1.845238095,-0.2499,-0.381,-0.41313,-0.15485,0.54329
1/04/2003,KOR,KRW,South Korea,3300,1220,2.704918033,0.09956,-0.09261,-0.13971,0.23889,1.2623
,,,,,,,,,,,
,,,,,,,,,,,
,,,,,,,,,,,
,,,,,,,,,,,
1/04/2003,TUR,TRY,Turkey,3750000,1600500,2.343017807,-0.04755,-0.21402,-0.25481,0.07314,0.95961
1/04/2003,USA,USD,United States,2.46,1,2.46,0,-0.17477,-0.21761,0.12672,1.05745
,,,,,,,,,,,
1/05/2004,ARG,ARS,Argentina,4.36,2.95,1.477966102,-0.40163,-0.5505,-0.56081,-0.36256,0.17669
1/05/2004,AUS,AUD,Australia,3.25,1.43,2.272727273,-0.07987,-0.30878,-0.32464,-0.01978,0.80944
1/05/2004,BRA,BRL,Brazil,5.4,3.18,1.698113208,-0.3125,-0.48354,-0.49539,-0.26761,0.35196
1/05/2004,GBR,GBP,Britain,1.88,0.558659218,3.365199999,0.36243,0.02348,0,0.4514,1.67922
1/05/2004,CAN,CAD,Canada,3.19,1.37,2.328467153,-0.0573,-0.29183,-0.30807,0.00426,0.85382
,,,,,,,,,,,
1/05/2004,CHN,CNY,China,10.4,8.28,1.256038647,-0.49148,-0.61799,-0.62676,-0.45827,0
,,,,,,,,,,,
,,,,,,,,,,,
,,,,,,,,,,,
,,,,,,,,,,,
,,,,,,,,,,,
,,,,,,,,,,,
,,,,,,,,,,,
,,,,,,,,,,,
1/05/2004,IDN,IDR,Indonesia,16100,9120,1.765350877,-0.28528,-0.46309,-0.47541,-0.23861,0.40549
1/05/2004,JPN,JPY,Japan,262,113,2.318584071,-0.0613,-0.29483,-0.31101,0,0.84595
,,,,,,,,,,,
1/05/2004,MEX,MXN,Mexico,24,11.6,2.068965517,-0.16236,-0.37075,-0.38519,-0.10766,0.64721
,,,,,,,,,,,
,,,,,,,,,,,
,,,,,,,,,,,
,,,,,,,,,,,
,,,,,,,,,,,
,,,,,,,,,,,
1/05/2004,RUS,RUB,Russia,42,29,1.448275862,-0.41365,-0.55953,-0.56963,-0.37536,0.15305
1/05/2004,SAU,SAR,Saudi Arabia,2.4,3.7502,0.639965868,-0.7409,-0.80536,-0.80983,-0.72398,-0.49049
,,,,,,,,,,,
1/05/2004,ZAF,ZAR,South Africa,12.4,6.66,1.861861862,-0.24621,-0.43374,-0.44673,-0.19698,0.48233
1/05/2004,KOR,KRW,South Korea,3200,1177,2.718776551,0.10072,-0.17312,-0.19209,0.1726,1.16456
,,,,,,,,,,,
,,,,,,,,,,,
,,,,,,,,,,,
,,,,,,,,,,,
,,,,,,,,,,,
1/05/2004,TUR,TRY,Turkey,3950000,1531000,2.580013063,0.04454,-0.21532,-0.23333,0.11275,1.05409
,,,,,,,,,,,
1/05/2004,USA,USD,United States,2.47,1,2.47,0,-0.24878,-0.26602,0.06531,0.9665
,,,,,,,,,,,
,,,,,,,,,,,
1/06/2005,ARG,ARS,Argentina,4.75,2.897,1.639627201,-0.36449,-0.5424,-0.52342,-0.30011,0.2924
1/06/2005,AUS,AUD,Australia,3.25,1.3015,2.497118709,-0.03212,-0.30309,-0.27418,0.06592,0.9683
1/06/2005,BRA,BRL,Brazil,5.9,2.4648,2.393703343,-0.07221,-0.33195,-0.30424,0.02178,0.88679
1/06/2005,GBR,GBP,Britain,1.88,0.546448087,3.440400003,0.33349,-0.03983,0,0.46857,1.71182
1/06/2005,CAN,CAD,Canada,3.28,1.2494,2.625260125,0.01754,-0.26733,-0.23693,0.12062,1.06931
,,,,,,,,,,,
1/06/2005,CHN,CNY,China,10.5,8.2764,1.268667537,-0.50827,-0.64593,-0.63124,-0.45846,0
,,,,,,,,,,,
,,,,,,,,,,,
,,,,,,,,,,,
,,,,,,,,,,,
,,,,,,,,,,,
,,,,,,,,,,,
,,,,,,,,,,,
,,,,,,,,,,,
1/06/2005,IDN,IDR,Indonesia,14600,9545,1.529596647,-0.40713,-0.57311,-0.5554,-0.34708,0.20567
1/06/2005,JPN,JPY,Japan,250,106.715,2.342688469,-0.09198,-0.34619,-0.31907,0,0.84657
,,,,,,,,,,,
1/06/2005,MEX,MXN,Mexico,28,10.8675,2.576489533,-0.00136,-0.28094,-0.25111,0.0998,1.03086
,,,,,,,,,,,
,,,,,,,,,,,
,,,,,,,,,,,
,,,,,,,,,,,
,,,,,,,,,,,
,,,,,,,,,,,
1/06/2005,RUS,RUB,Russia,42,28.4055,1.478586893,-0.4269,-0.58735,-0.57023,-0.36885,0.16546
1/06/2005,SAU,SAR,Saudi Arabia,9,3.7501,2.399936002,-0.06979,-0.33021,-0.30243,0.02444,0.8917
,,,,,,,,,,,
1/06/2005,ZAF,ZAR,South Africa,13.95,6.6482,2.098312325,-0.1867,-0.41439,-0.3901,-0.10431,0.65395
1/06/2005,KOR,KRW,South Korea,2500,1005.5,2.486325211,-0.03631,-0.3061,-0.27732,0.06131,0.95979
,,,,,,,,,,,
,,,,,,,,,,,
,,,,,,,,,,,
,,,,,,,,,,,
,,,,,,,,,,,
1/06/2005,TUR,TRY,Turkey,4,1.369,2.92184076,0.1325,-0.18456,-0.15073,0.24722,1.30308
,,,,,,,,,,,
,,,,,,,,,,,
1/06/2005,USA,USD,United States,2.58,1,2.58,0,-0.27996,-0.25009,0.1013,1.03363
,,,,,,,,,,,
,,,,,,,,,,,
1/01/2006,ARG,ARS,Argentina,4.75,3.0638,1.550362295,-0.41934,-0.55878,-0.53248,-0.29114,0.19069
1/01/2006,AUS,AUD,Australia,3.25,1.3308,2.442140066,-0.08534,-0.30499,-0.26356,0.1166,0.87559
1/01/2006,BRA,BRL,Brazil,6.2,2.2615,2.741543224,0.0268,-0.21978,-0.17327,0.25349,1.10553
1/01/2006,GBR,GBP,Britain,1.88,0.566925563,3.316131998,0.242,-0.05626,0,0.5162,1.54682
1/01/2006,CAN,CAD,Canada,3.52,1.1704,3.007518797,0.12641,-0.14409,-0.09306,0.3751,1.3098
,,,,,,,,,,,
1/01/2006,CHN,CNY,China,10.5,8.0641,1.302067187,-0.51233,-0.62944,-0.60735,-0.40467,0
,,,,,,,,,,,
,,,,,,,,,,,
,,,,,,,,,,,
,,,,,,,,,,,
,,,,,,,,,,,
,,,,,,,,,,,
1/01/2006,IDN,IDR,Indonesia,14600,9460,1.543340381,-0.42197,-0.56078,-0.5346,-0.29435,0.1853
1/01/2006,JPN,JPY,Japan,250,114.305,2.187130922,-0.18085,-0.37756,-0.34046,0,0.67974
,,,,,,,,,,,
1/01/2006,MEX,MXN,Mexico,28,10.5425,2.655916528,-0.00527,-0.24415,-0.19909,0.21434,1.03977
,,,,,,,,,,,
,,,,,,,,,,,
,,,,,,,,,,,
,,,,,,,,,,,
1/01/2006,RUS,RUB,Russia,46,28.67,1.604464597,-0.39908,-0.54339,-0.51616,-0.26641,0.23224
,,,,,,,,,,,
1/01/2006,ZAF,ZAR,South Africa,13.95,6.0803,2.294294689,-0.14071,-0.34707,-0.30814,0.049,0.76204
1/01/2006,KOR,KRW,South Korea,2500,977.45,2.557675584,-0.04207,-0.27211,-0.22872,0.16942,0.96432
,,,,,,,,,,,
,,,,,,,,,,,
,,,,,,,,,,,
,,,,,,,,,,,
1/01/2006,TUR,TRY,Turkey,4.1,1.3365,3.067714179,0.14896,-0.12696,-0.07491,0.40262,1.35603
1/01/2006,USA,USD,United States,2.67,1,2.67,0,-0.24014,-0.19485,0.22078,1.05059
,,,,,,,,,,,
1/05/2006,ARG,ARS,Argentina,7,3.0565,2.290201211,-0.17619,-0.39202,-0.3722,0.02697,0.75059
1/05/2006,AUS,AUD,Australia,3.25,1.33253,2.438969479,-0.12267,-0.35253,-0.33142,0.09368,0.8643
1/05/2006,BRA,BRL,Brazil,6.4,2.3045,2.777175092,-0.00102,-0.26275,-0.23871,0.24534,1.12282
1/05/2006,GBR,GBP,Britain,1.94,0.531801744,3.647976002,0.31222,-0.03158,0,0.63583,1.78844
1/05/2006,CAN,CAD,Canada,3.52,1.12045,3.141594895,0.13007,-0.166,-0.13881,0.40875,1.40138
,,,,,,,,,,,
1/05/2006,CHN,CNY,China,10.5,8.026,1.308248193,-0.52941,-0.6527,-0.64138,-0.41336,0
,,,,,,,,,,,
,,,,,,,,,,,
,,,,,,,,,,,
,,,,,,,,,,,
,,,,,,,,,,,
,,,,,,,,,,,
,,,,,,,,,,,
,,,,,,,,,,,
1/05/2006,IDN,IDR,Indonesia,14600,9325,1.565683646,-0.4368,-0.58436,-0.57081,-0.29792,0.19678
1/05/2006,JPN,JPY,Japan,250,112.105,2.230052183,-0.19782,-0.40799,-0.38869,0,0.70461
,,,,,,,,,,,
1/05/2006,MEX,MXN,Mexico,29,11.3031,2.565667826,-0.0771,-0.31889,-0.29669,0.1505,0.96115
,,,,,,,,,,,
,,,,,,,,,,,
,,,,,,,,,,,
,,,,,,,,,,,
,,,,,,,,,,,
,,,,,,,,,,,
1/05/2006,RUS,RUB,Russia,48,27.06375,1.773590134,-0.36202,-0.52917,-0.51382,-0.20469,0.3557
1/05/2006,SAU,SAR,Saudi Arabia,9,3.749,2.400640171,-0.13646,-0.3627,-0.34193,0.0765,0.835
,,,,,,,,,,,
1/05/2006,ZAF,ZAR,South Africa,13.95,6.597,2.114597544,-0.23935,-0.43864,-0.42034,-0.05177,0.61636
1/05/2006,KOR,KRW,South Korea,2500,952.4,2.624947501,-0.05577,-0.30316,-0.28044,0.17708,1.00646
,,,,,,,,,,,
,,,,,,,,,,,
,,,,,,,,,,,
,,,,,,,,,,,
,,,,,,,,,,,
1/05/2006,TUR,TRY,Turkey,4.2,1.5415,2.724618878,-0.01992,-0.2767,-0.25311,0.22177,1.08265
,,,,,,,,,,,
,,,,,,,,,,,
1/05/2006,USA,USD,United States,2.78,1,2.78,0,-0.262,-0.23793,0.24661,1.12498
,,,,,,,,,,,
,,,,,,,,,,,
1/01/2007,ARG,ARS,Argentina,8.25,3.08875,2.670983408,-0.07578,-0.29881,-0.30329,0.15983,0.88773
1/01/2007,AUS,AUD,Australia,3.45,1.266865,2.723257806,-0.0577,-0.28509,-0.28966,0.18253,0.92467
1/01/2007,BRA,BRL,Brazil,6.4,2.1335,2.999765643,0.03798,-0.2125,-0.21753,0.30259,1.1201
1/01/2007,GBR,GBP,Britain,1.94,0.506034461,3.833731,0.32655,0.00644,0,0.66473,1.70951
1/01/2007,CAN,CAD,Canada,3.63,1.17485,3.089756139,0.06912,-0.18887,-0.19406,0.34167,1.1837
,,,,,,,,,,,
1/01/2007,CHN,CNY,China,11,7.7743,1.414918385,-0.51041,-0.62855,-0.63093,-0.3856,0
,,,,,,,,,,,
,,,,,,,,,,,
,,,,,,,,,,,
,,,,,,,,,,,
,,,,,,,,,,,
,,,,,,,,,,,
,,,,,,,,,,,
,,,,,,,,,,,
1/01/2007,IDN,IDR,Indonesia,15900,9090,1.749174917,-0.39475,-0.5408,-0.54374,-0.24045,0.23624
1/01/2007,JPN,JPY,Japan,280,121.585,2.302915656,-0.20314,-0.39543,-0.3993,0,0.6276
,,,,,,,,,,,
1/01/2007,MEX,MXN,Mexico,29,10.8894,2.663140302,-0.0785,-0.30087,-0.30534,0.15642,0.88219
,,,,,,,,,,,
,,,,,,,,,,,
,,,,,,,,,,,
,,,,,,,,,,,
,,,,,,,,,,,
,,,,,,,,,,,
1/01/2007,RUS,RUB,Russia,49,26.5335,1.846722068,-0.361,-0.5152,-0.5183,-0.19809,0.30518
1/01/2007,SAU,SAR,Saudi Arabia,9,3.749,2.400640171,-0.16933,-0.36978,-0.37381,0.04244,0.69666
,,,,,,,,,,,
1/01/2007,ZAF,ZAR,South Africa,15.5,7.10975,2.180104786,-0.24564,-0.42768,-0.43134,-0.05333,0.5408
1/01/2007,KOR,KRW,South Korea,2900,940.15,3.084614157,0.06734,-0.19022,-0.1954,0.33944,1.18007
,,,,,,,,,,,
,,,,,,,,,,,
,,,,,,,,,,,
,,,,,,,,,,,
,,,,,,,,,,,
1/01/2007,TUR,TRY,Turkey,4.55,1.40975,3.22752261,0.11679,-0.15271,-0.15812,0.40149,1.28107
,,,,,,,,,,,
,,,,,,,,,,,
1/01/2007,USA,USD,United States,2.89,1,2.89,0,-0.24131,-0.24617,0.25493,1.04252
,,,,,,,,,,,
,,,,,,,,,,,
1/06/2007,ARG,ARS,Argentina,8.25,3.0915,2.668607472,-0.11046,-0.35957,-0.33404,0.16575,0.84491
1/06/2007,AUS,AUD,Australia,3.45,1.17,2.948717949,-0.01709,-0.29235,-0.26414,0.28812,1.03856
1/06/2007,BRA,BRL,Brazil,6.9,1.913,3.606900157,0.2023,-0.13439,-0.09989,0.57564,1.49358
1/06/2007,GBR,GBP,Britain,1.99,0.496610632,4.007163503,0.33572,-0.03833,0,0.75049,1.7703
1/06/2007,CAN,CAD,Canada,3.88,1.05345,3.683136361,0.22771,-0.11609,-0.08086,0.60894,1.54629
,,,,,,,,,,,
1/06/2007,CHN,CNY,China,11,7.6047,1.446473891,-0.51784,-0.65286,-0.63903,-0.36812,0
,,,,,,,,,,,
,,,,,,,,,,,
,,,,,,,,,,,
,,,,,,,,,,,
,,,,,,,,,,,
,,,,,,,,,,,
,,,,,,,,,,,
,,,,,,,,,,,
1/06/2007,IDN,IDR,Indonesia,15900,9015,1.763727121,-0.41209,-0.57673,-0.55986,-0.22953,0.21933
1/06/2007,JPN,JPY,Japan,280,122.315,2.289171402,-0.23694,-0.45063,-0.42873,0,0.58259
,,,,,,,,,,,
1/06/2007,MEX,MXN,Mexico,29,10.76755,2.693277487,-0.10224,-0.35365,-0.32788,0.17653,0.86196
,,,,,,,,,,,
,,,,,,,,,,,
,,,,,,,,,,,
,,,,,,,,,,,
,,,,,,,,,,,
,,,,,,,,,,,
1/06/2007,RUS,RUB,Russia,52,25.64825,2.027428772,-0.32419,-0.51344,-0.49405,-0.11434,0.40164
1/06/2007,SAU,SAR,Saudi Arabia,9,3.75045,2.399712035,-0.2001,-0.4241,-0.40114,0.04829,0.65901
,,,,,,,,,,,
1/06/2007,ZAF,ZAR,South Africa,15.5,6.971,2.223497346,-0.25883,-0.46639,-0.44512,-0.02869,0.53718
1/06/2007,KOR,KRW,South Korea,2900,922.5,3.143631436,0.04788,-0.24557,-0.2155,0.37326,1.17331
,,,,,,,,,,,
,,,,,,,,,,,
,,,,,,,,,,,
,,,,,,,,,,,
,,,,,,,,,,,
1/06/2007,TUR,TRY,Turkey,4.75,1.2981,3.659194207,0.21973,-0.12184,-0.08684,0.59848,1.52973
,,,,,,,,,,,
,,,,,,,,,,,
1/06/2007,USA,USD,United States,3,1,3,0,-0.28004,-0.25134,0.31052,1.07401
,,,,,,,,,,,
,,,,,,,,,,,
1/06/2008,ARG,ARS,Argentina,11,3.0195,3.64298725,0.13489,-0.31814,-0.20293,0.39026,0.99169
1/06/2008,AUS,AUD,Australia,3.45,1.026,3.362573099,0.04753,-0.37062,-0.26429,0.28324,0.83839
1/06/2008,BRA,BRL,Brazil,7.5,1.5846,4.733055661,0.47447,-0.11411,0.03557,0.80625,1.58766
1/06/2008,GBR,GBP,Britain,2.29,0.501039657,4.570496503,0.42383,-0.14454,0,0.74422,1.49878
1/06/2008,CAN,CAD,Canada,4.09,1.00355,4.075531862,0.26964,-0.23718,-0.1083,0.55532,1.22817
,,,,,,,,,,,
1/06/2008,CHN,CNY,China,12.5,6.834,1.829089845,-0.43019,-0.65765,-0.59981,-0.30197,0
,,,,,,,,,,,
,,,,,,,,,,,
,,,,,,,,,,,
,,,,,,,,,,,
,,,,,,,,,,,
,,,,,,,,,,,
,,,,,,,,,,,
,,,,,,,,,,,
1/06/2008,IDN,IDR,Indonesia,18700,9152,2.043269231,-0.36347,-0.61756,-0.55294,-0.22024,0.1171
1/06/2008,JPN,JPY,Japan,280,106.855,2.620373403,-0.18368,-0.50954,-0.42668,0,0.43261
,,,,,,,,,,,
1/06/2008,MEX,MXN,Mexico,32,10.1685,3.146973497,-0.01963,-0.41098,-0.31146,0.20096,0.72051
,,,,,,,,,,,
,,,,,,,,,,,
,,,,,,,,,,,
,,,,,,,,,,,
,,,,,,,,,,,
,,,,,,,,,,,
1/06/2008,RUS,RUB,Russia,59,23.2336,2.539425659,-0.2089,-0.52469,-0.44439,-0.03089,0.38835
1/06/2008,SAU,SAR,Saudi Arabia,10,3.74955,2.666986705,-0.16916,-0.50082,-0.41648,0.01779,0.45809
,,,,,,,,,,,
1/06/2008,ZAF,ZAR,South Africa,16.95,7.56325,2.241100056,-0.30184,-0.58053,-0.50966,-0.14474,0.22525
1/06/2008,KOR,KRW,South Korea,3200,1018.05,3.143264083,-0.02079,-0.41167,-0.31227,0.19955,0.71849
,,,,,,,,,,,
,,,,,,,,,,,
,,,,,,,,,,,
,,,,,,,,,,,
,,,,,,,,,,,
1/06/2008,TUR,TRY,Turkey,5.15,1.19275,4.317753092,0.34509,-0.19184,-0.0553,0.64776,1.3606
,,,,,,,,,,,
,,,,,,,,,,,
1/06/2008,USA,USD,United States,3.21,1,3.21,0,-0.39918,-0.29767,0.22502,0.75497
,,,,,,,,,,,
1/07/2009,ARG,ARS,Argentina,11.5,3.81125,3.017382748,-0.1203,-0.34648,-0.1819,-0.12717,0.64935
1/07/2009,AUS,AUD,Australia,4.34,1.2869,3.372445411,-0.01678,-0.26958,-0.08563,-0.02447,0.84343
1/07/2009,BRA,BRL,Brazil,8.03,1.9971,4.020830204,0.17225,-0.12915,0.09017,0.16309,1.19785
1/07/2009,GBR,GBP,Britain,2.29,0.620886626,3.688274001,0.0753,-0.20117,0,0.06689,1.01607
1/07/2009,CAN,CAD,Canada,3.89,1.16085,3.350992807,-0.02303,-0.27422,-0.09145,-0.03067,0.83171
,,,,,,,,,,,
1/07/2009,CHN,CNY,China,12.5,6.8327,1.82943785,-0.46664,-0.60377,-0.50399,-0.47081,0
,,,,,,,,,,,
,,,,,,,,,,,
,,,,,,,,,,,
,,,,,,,,,,,
,,,,,,,,,,,
,,,,,,,,,,,
,,,,,,,,,,,
,,,,,,,,,,,
1/07/2009,IDN,IDR,Indonesia,20900,10200,2.049019608,-0.40262,-0.55621,-0.44445,-0.40729,0.12003
,,,,,,,,,,,
1/07/2009,JPN,JPY,Japan,320,92.565,3.457030195,0.00788,-0.25126,-0.0627,0,0.88967
,,,,,,,,,,,
1/07/2009,MEX,MXN,Mexico,33,13.8104,2.389503563,-0.30335,-0.48247,-0.35214,-0.3088,0.30614
,,,,,,,,,,,
,,,,,,,,,,,
,,,,,,,,,,,
,,,,,,,,,,,
,,,,,,,,,,,
,,,,,,,,,,,
1/07/2009,RUS,RUB,Russia,67,32.7959,2.042938294,-0.40439,-0.55753,-0.4461,-0.40905,0.1167
1/07/2009,SAU,SAR,Saudi Arabia,11,3.7504,2.933020478,-0.14489,-0.36475,-0.20477,-0.15158,0.60324
,,,,,,,,,,,
1/07/2009,ZAF,ZAR,South Africa,17.95,8.2805,2.167743494,-0.368,-0.5305,-0.41226,-0.37295,0.18492
1/07/2009,KOR,KRW,South Korea,3400,1314.5,2.586534804,-0.24591,-0.43979,-0.29871,-0.2518,0.41384
,,,,,,,,,,,
,,,,,,,,,,,
,,,,,,,,,,,
,,,,,,,,,,,
,,,,,,,,,,,
1/07/2009,TUR,TRY,Turkey,5.65,1.55005,3.645043708,0.06269,-0.21054,-0.01172,0.05439,0.99244
,,,,,,,,,,,
,,,,,,,,,,,
1/07/2009,USA,USD,United States,3.43,1,3.43,0,-0.25711,-0.07003,-0.00782,0.87489
,,,,,,,,,,,
1/01/2010,ARG,ARS,Argentina,7,3.7985,1.842832697,-0.46273,-0.61956,-0.49805,-0.47283,0.00651
1/01/2010,AUS,AUD,Australia,4.35,1.09355,3.977870239,0.15973,-0.1788,0.0835,0.13792,1.17262
1/01/2010,BRA,BRL,Brazil,8.2,1.7233,4.75831254,0.38726,-0.01768,0.29607,0.36117,1.59888
1/01/2010,GBR,GBP,Britain,2.29,0.623752495,3.671328,0.07036,-0.24208,0,0.05023,1.00519
1/01/2010,CAN,CAD,Canada,4.12,1.0368,3.973765432,0.15853,-0.17964,0.08238,0.13675,1.17038
,,,,,,,,,,,
1/01/2010,CHN,CNY,China,12.5,6.8272,1.830911648,-0.46621,-0.62202,-0.50129,-0.47624,0
,,,,,,,,,,,
,,,,,,,,,,,
,,,,,,,,,,,
,,,,,,,,,,,
,,,,,,,,,,,
,,,,,,,,,,,
,,,,,,,,,,,
,,,,,,,,,,,
1/01/2010,IDN,IDR,Indonesia,20900,9320,2.24248927,-0.34621,-0.53705,-0.38919,-0.35851,0.22479
,,,,,,,,,,,
1/01/2010,JPN,JPY,Japan,320,91.54,3.495739567,0.01917,-0.27833,-0.04783,0,0.90929
,,,,,,,,,,,
1/01/2010,MEX,MXN,Mexico,32,12.81375,2.497317335,-0.27192,-0.48445,-0.31978,-0.28561,0.36397
,,,,,,,,,,,
,,,,,,,,,,,
,,,,,,,,,,,
,,,,,,,,,,,
,,,,,,,,,,,
,,,,,,,,,,,
1/01/2010,RUS,RUB,Russia,70,29.927,2.339024961,-0.31807,-0.51712,-0.36289,-0.33089,0.27752
1/01/2010,SAU,SAR,Saudi Arabia,10,3.7502,2.666524452,-0.22259,-0.44951,-0.27369,-0.23721,0.45639
,,,,,,,,,,,
1/01/2010,ZAF,ZAR,South Africa,17.95,7.3045,2.457389281,-0.28356,-0.49269,-0.33065,-0.29703,0.34217
1/01/2010,KOR,KRW,South Korea,3400,1140.5,2.981148619,-0.13086,-0.38456,-0.18799,-0.14721,0.62823
,,,,,,,,,,,
,,,,,,,,,,,
,,,,,,,,,,,
,,,,,,,,,,,
,,,,,,,,,,,
1/01/2010,TUR,TRY,Turkey,5.65,1.47455,3.831677461,0.11711,-0.20898,0.04368,0.0961,1.09277
,,,,,,,,,,,
,,,,,,,,,,,
1/01/2010,USA,USD,United States,3.43,1,3.43,0,-0.2919,-0.06573,-0.01881,0.87338
,,,,,,,,,,,
1/07/2010,ARG,ARS,Argentina,14,3.93375,3.558945027,0.0082,-0.17855,0.02164,-0.03041,0.82717
1/07/2010,AUS,AUD,Australia,4.35,1.133722578,3.8369175,0.08695,-0.11439,0.10144,0.04532,0.96988
1/07/2010,BRA,BRL,Brazil,8.71,1.77495,4.907180484,0.39014,0.13264,0.40867,0.3369,1.51935
1/07/2010,GBR,GBP,Britain,2.29,0.657375756,3.483548,-0.01316,-0.19595,0,-0.05095,0.78846
1/07/2010,CAN,CAD,Canada,4.17,1.04235,4.000575622,0.13331,-0.07662,0.14842,0.08991,1.0539
,,,,,,,,,,,
1/07/2010,CHN,CNY,China,13.2,6.7769,1.947793239,-0.44822,-0.55043,-0.44086,-0.46935,0
,,,,,,,,,,,
,,,,,,,,,,,
,,,,,,,,,,,
,,,,,,,,,,,
,,,,,,,,,,,
,,,,,,,,,,,
,,,,,,,,,,,
,,,,,,,,,,,
1/07/2010,IDN,IDR,Indonesia,22780,9063,2.513516496,-0.28796,-0.41985,-0.27846,-0.31522,0.29044
,,,,,,,,,,,
1/07/2010,JPN,JPY,Japan,320,87.18,3.670566644,0.03982,-0.15279,0.05369,0,0.88447
,,,,,,,,,,,
1/07/2010,MEX,MXN,Mexico,32,12.782,2.503520576,-0.29079,-0.42216,-0.28133,-0.31795,0.28531
,,,,,,,,,,,
,,,,,,,,,,,
,,,,,,,,,,,
,,,,,,,,,,,
,,,,,,,,,,,
,,,,,,,,,,,
1/07/2010,RUS,RUB,Russia,71,30.44325,2.332208289,-0.33932,-0.4617,-0.33051,-0.36462,0.19736
1/07/2010,SAU,SAR,Saudi Arabia,10,3.75045,2.666346705,-0.24466,-0.38457,-0.23459,-0.27359,0.36891
,,,,,,,,,,,
1/07/2010,ZAF,ZAR,South Africa,18.45,7.5365,2.448085982,-0.30649,-0.43495,-0.29724,-0.33305,0.25685
1/07/2010,KOR,KRW,South Korea,3400,1204.45,2.822865208,-0.20032,-0.34845,-0.18966,-0.23095,0.44926
,,,,,,,,,,,
,,,,,,,,,,,
,,,,,,,,,,,
,,,,,,,,,,,
,,,,,,,,,,,
1/07/2010,TUR,TRY,Turkey,5.95,1.5293,3.890668933,0.10217,-0.10199,0.11687,0.05996,0.99748
,,,,,,,,,,,
,,,,,,,,,,,
1/07/2010,USA,USD,United States,3.53,1,3.53,0,-0.18523,0.01333,-0.0383,0.81231
,,,,,,,,,,,
1/07/2011,ARG,ARS,Argentina,20,4.1325,4.83968542,0.32958,-0.018,0.24361,0.18519,1.12913
1/07/2011,AUS,AUD,Australia,4.56,0.922381589,4.943724001,0.35817,0.00311,0.27035,0.21067,1.1749
1/07/2011,BRA,BRL,Brazil,9.5,1.5416,6.162428646,0.69297,0.25039,0.58351,0.50912,1.71105
1/07/2011,GBR,GBP,Britain,2.39,0.614137444,3.891637,0.06913,-0.21037,0,-0.04697,0.71205
1/07/2011,CAN,CAD,Canada,4.73,0.94585,5.000792938,0.37384,0.01469,0.28501,0.22465,1.20001
,,,,,,,,,,,
1/07/2011,CHN,CNY,China,14.65,6.445,2.273079907,-0.37553,-0.53878,-0.41591,-0.44334,0
,,,,,,,,,,,
,,,,,,,,,,,
,,,,,,,,,,,
,,,,,,,,,,,
,,,,,,,,,,,
,,,,,,,,,,,
,,,,,,,,,,,
,,,,,,,,,,,
1/07/2011,IND,INR,India,84,44.4,1.891891892,-0.48025,-0.61612,-0.51386,-0.53669,-0.1677
1/07/2011,IDN,IDR,Indonesia,22534,8523,2.643904728,-0.27365,-0.46354,-0.32062,-0.35253,0.16314
,,,,,,,,,,,
1/07/2011,JPN,JPY,Japan,320,78.365,4.083455624,0.12183,-0.17144,0.04929,0,0.79644
,,,,,,,,,,,
1/07/2011,MEX,MXN,Mexico,32,11.67075,2.741897479,-0.24673,-0.44365,-0.29544,-0.32854,0.20625
,,,,,,,,,,,
,,,,,,,,,,,
,,,,,,,,,,,
,,,,,,,,,,,
,,,,,,,,,,,
,,,,,,,,,,,
1/07/2011,RUS,RUB,Russia,75,27.7525,2.702459238,-0.25757,-0.45166,-0.30557,-0.33819,0.1889
1/07/2011,SAU,SAR,Saudi Arabia,10,3.7502,2.666524452,-0.26744,-0.45895,-0.31481,-0.34699,0.17309
,,,,,,,,,,,
1/07/2011,ZAF,ZAR,South Africa,19.45,6.76885,2.873457087,-0.21059,-0.41696,-0.26163,-0.29632,0.26412
1/07/2011,KOR,KRW,South Korea,3700,1056.2,3.503124408,-0.0376,-0.2892,-0.09983,-0.14212,0.54114
,,,,,,,,,,,
,,,,,,,,,,,
,,,,,,,,,,,
,,,,,,,,,,,
,,,,,,,,,,,
1/07/2011,TUR,TRY,Turkey,6.5,1.72285,3.772818295,0.03649,-0.23447,-0.03053,-0.07607,0.65978
,,,,,,,,,,,
,,,,,,,,,,,
1/07/2011,USA,USD,United States,3.64,1,3.64,0,-0.26142,-0.06466,-0.1086,0.60135
,,,,,,,,,,,
,,,,,,,,,,,
1/01/2012,ARG,ARS,Argentina,20,4.3135,4.636606004,0.21696,0.04647,0.21269,0.11452,0.90146
1/01/2012,AUS,AUD,Australia,4.8,0.972337012,4.93656,0.29569,0.11417,0.29115,0.18663,1.02447
1/01/2012,BRA,BRL,Brazil,10.25,1.805,5.67867036,0.49046,0.28166,0.48524,0.36501,1.32881
1/01/2012,GBR,GBP,Britain,2.49,0.651253663,3.823395002,0.00352,-0.13707,0,-0.08095,0.56796
1/01/2012,CAN,CAD,Canada,4.73,1.02095,4.632939909,0.21599,0.04564,0.21173,0.11364,0.89996
,,,,,,,,,,,
1/01/2012,CHN,CNY,China,15.4,6.3155,2.438445095,-0.35999,-0.44965,-0.36223,-0.41386,0
,,,,,,,,,,,
,,,,,,,,,,,
,,,,,,,,,,,
,,,,,,,,,,,
,,,,,,,,,,,
,,,,,,,,,,,
,,,,,,,,,,,
,,,,,,,,,,,
1/01/2012,IND,INR,India,84,51.905,1.6183412,-0.57524,-0.63474,-0.57673,-0.61099,-0.33632
1/01/2012,IDN,IDR,Indonesia,22534,9160,2.460043668,-0.35432,-0.44477,-0.35658,-0.40867,0.00886
,,,,,,,,,,,
1/01/2012,JPN,JPY,Japan,320,76.92,4.160166407,0.09191,-0.06106,0.08808,0,0.70607
,,,,,,,,,,,
1/01/2012,MEX,MXN,Mexico,37,13.6844,2.703808716,-0.29034,-0.38976,-0.29283,-0.35007,0.10882
,,,,,,,,,,,
,,,,,,,,,,,
,,,,,,,,,,,
,,,,,,,,,,,
,,,,,,,,,,,
,,,,,,,,,,,
1/01/2012,RUS,RUB,Russia,81,31.7693,2.549631248,-0.33081,-0.42455,-0.33315,-0.38713,0.0456
1/01/2012,SAU,SAR,Saudi Arabia,10,3.7502,2.666524452,-0.30012,-0.39817,-0.30258,-0.35903,0.09353
,,,,,,,,,,,
1/01/2012,ZAF,ZAR,South Africa,19.95,8.1304,2.453753813,-0.35597,-0.44619,-0.35823,-0.41018,0.00628
1/01/2012,KOR,KRW,South Korea,3700,1158.75,3.193096009,-0.16192,-0.27933,-0.16485,-0.23246,0.30948
,,,,,,,,,,,
,,,,,,,,,,,
,,,,,,,,,,,
,,,,,,,,,,,
,,,,,,,,,,,
1/01/2012,TUR,TRY,Turkey,6.6,1.86295,3.54276819,-0.07014,-0.20041,-0.0734,-0.14841,0.45288
,,,,,,,,,,,
,,,,,,,,,,,
1/01/2012,USA,USD,United States,3.81,1,3.81,0,-0.14009,-0.0035,-0.08417,0.56247
,,,,,,,,,,,
,,,,,,,,,,,
1/07/2012,ARG,ARS,Argentina,19,4.56625,4.160963592,0.05075,-0.04223,-0.00034,0.0171,0.69855
1/07/2012,AUS,AUD,Australia,4.56,0.974326497,4.680155999,0.18186,0.07728,0.1244,0.14401,0.91049
1/07/2012,BRA,BRL,Brazil,10.08,2.04215,4.935974341,0.24646,0.13616,0.18586,0.20654,1.01492
1/07/2012,GBR,GBP,Britain,2.69,0.646266197,4.1623715,0.0511,-0.04191,0,0.01744,0.69913
1/07/2012,CAN,CAD,Canada,5.12,1.01945,5.022315955,0.26826,0.15603,0.2066,0.22764,1.05016
,,,,,,,,,,,
1/07/2012,CHN,CNY,China,15.65,6.3885,2.44971433,-0.38139,-0.43613,-0.41146,-0.4012,0
,,,,,,,,,,,
,,,,,,,,,,,
,,,,,,,,,,,
,,,,,,,,,,,
,,,,,,,,,,,
,,,,,,,,,,,
,,,,,,,,,,,
1/07/2012,IND,INR,India,89,56.165,1.584616754,-0.59984,-0.63525,-0.6193,-0.61266,-0.35314
1/07/2012,IDN,IDR,Indonesia,24200,9482.5,2.552069602,-0.35554,-0.41257,-0.38687,-0.37618,0.04178
,,,,,,,,,,,
1/07/2012,JPN,JPY,Japan,320,78.22,4.091025313,0.03309,-0.05833,-0.01714,0,0.67
,,,,,,,,,,,
1/07/2012,MEX,MXN,Mexico,37,13.687,2.703295098,-0.31735,-0.37776,-0.35054,-0.33921,0.10351
,,,,,,,,,,,
,,,,,,,,,,,
,,,,,,,,,,,
,,,,,,,,,,,
,,,,,,,,,,,
1/07/2012,RUS,RUB,Russia,75,32.76525,2.289010461,-0.42197,-0.47312,-0.45007,-0.44048,-0.0656
1/07/2012,SAU,SAR,Saudi Arabia,10,3.75025,2.666488901,-0.32664,-0.38623,-0.35938,-0.34821,0.08849
,,,,,,,,,,,
1/07/2012,ZAF,ZAR,South Africa,19.95,8.4683,2.355844739,-0.40509,-0.45773,-0.43401,-0.42414,-0.03832
1/07/2012,KOR,KRW,South Korea,3700,1151,3.214596003,-0.18823,-0.26007,-0.2277,-0.21423,0.31223
,,,,,,,,,,,
,,,,,,,,,,,
,,,,,,,,,,,
,,,,,,,,,,,
,,,,,,,,,,,
1/07/2012,TUR,TRY,Turkey,8.25,1.8269,4.515846516,0.14037,0.03946,0.08492,0.10384,0.84342
,,,,,,,,,,,
,,,,,,,,,,,
1/07/2012,USA,USD,United States,3.96,1,3.96,0,-0.08849,-0.04862,-0.03203,0.61652
,,,,,,,,,,,
,,,,,,,,,,,
1/01/2013,ARG,ARS,Argentina,19,4.9765,3.817944338,-0.05262,-0.21732,-0.10128,0.0865,0.48432
1/01/2013,AUS,AUD,Australia,4.7,0.959094615,4.900454998,0.21599,0.0046,0.15354,0.39456,0.90517
1/01/2013,BRA,BRL,Brazil,11.25,1.99335,5.64376552,0.40044,0.15698,0.32851,0.60609,1.19415
1/01/2013,GBR,GBP,Britain,2.69,0.633211968,4.248182498,0.05414,-0.12912,0,0.20894,0.65159
1/01/2013,CAN,CAD,Canada,5.41,1.0029,5.394356367,0.33855,0.10585,0.2698,0.53512,1.09719
,,,,,,,,,,,
1/01/2013,CHN,CNY,China,16,6.2204,2.572181853,-0.36174,-0.4727,-0.39452,-0.26801,0
,,,,,,,,,,,
,,,,,,,,,,,
,,,,,,,,,,,
,,,,,,,,,,,
,,,,,,,,,,,
,,,,,,,,,,,
,,,,,,,,,,,
,,,,,,,,,,,
1/01/2013,IND,INR,India,89,53.395,1.666822736,-0.5864,-0.6583,-0.60764,-0.52566,-0.35198
1/01/2013,IDN,IDR,Indonesia,27939,9767.5,2.860404402,-0.29022,-0.41361,-0.32668,-0.18599,0.11205
,,,,,,,,,,,
1/01/2013,JPN,JPY,Japan,320,91.065,3.513973535,-0.12805,-0.27963,-0.17283,0,0.36615
,,,,,,,,,,,
1/01/2013,MEX,MXN,Mexico,37,12.7384,2.904603404,-0.27925,-0.40455,-0.31627,-0.17341,0.12924
,,,,,,,,,,,
,,,,,,,,,,,
,,,,,,,,,,,
,,,,,,,,,,,
,,,,,,,,,,,
,,,,,,,,,,,
1/01/2013,RUS,RUB,Russia,72.88,30.045,2.425694791,-0.39809,-0.50273,-0.429,-0.3097,-0.05695
1/01/2013,SAU,SAR,Saudi Arabia,11,3.7502,2.933176897,-0.27216,-0.3987,-0.30955,-0.16528,0.14035
,,,,,,,,,,,
1/01/2013,ZAF,ZAR,South Africa,20.9,9.047,2.310158063,-0.42676,-0.52642,-0.4562,-0.34258,-0.10187
1/01/2013,KOR,KRW,South Korea,3700,1085.475,3.408645984,-0.15418,-0.30123,-0.19762,-0.02997,0.3252
,,,,,,,,,,,
,,,,,,,,,,,
,,,,,,,,,,,
,,,,,,,,,,,
,,,,,,,,,,,
1/01/2013,TUR,TRY,Turkey,8.45,1.76875,4.777385159,0.18546,-0.02063,0.12457,0.35954,0.85733
,,,,,,,,,,,
,,,,,,,,,,,
1/01/2013,USA,USD,United States,4.03,1,4.03,0,-0.17385,-0.05136,0.14685,0.56676
,,,,,,,,,,,
,,,,,,,,,,,
1/07/2013,ARG,ARS,Argentina,21,5.4125,3.879907621,-0.07179,-0.16729,-0.03487,0.21374,0.48748
1/07/2013,AUS,AUD,Australia,5.035,1.089858863,4.619864251,0.10523,-0.00848,0.1492,0.44522,0.77117
1/07/2013,BRA,BRL,Brazil,12,2.27065,5.284830335,0.26431,0.13423,0.31461,0.65324,1.0261
1/07/2013,GBR,GBP,Britain,2.69,0.669142494,4.020070499,-0.03826,-0.13721,0,0.25759,0.54122
1/07/2013,CAN,CAD,Canada,5.53,1.05125,5.260404281,0.25847,0.12899,0.30854,0.6456,1.01674
,,,,,,,,,,,
1/07/2013,CHN,CNY,China,16,6.1341,2.608369606,-0.37599,-0.44019,-0.35116,-0.18403,0
,,,,,,,,,,,
,,,,,,,,,,,
,,,,,,,,,,,
,,,,,,,,,,,
,,,,,,,,,,,
,,,,,,,,,,,
,,,,,,,,,,,
,,,,,,,,,,,
1/07/2013,IND,INR,India,90,59.98,1.500500167,-0.64103,-0.67796,-0.62675,-0.5306,-0.42474
1/07/2013,IDN,IDR,Indonesia,27939,9965,2.803712995,-0.32926,-0.39827,-0.30257,-0.12292,0.07489
,,,,,,,,,,,
1/07/2013,JPN,JPY,Japan,320,100.105,3.196643524,-0.23525,-0.31394,-0.20483,0,0.22553
,,,,,,,,,,,
1/07/2013,MEX,MXN,Mexico,37,12.94115,2.859096757,-0.31601,-0.38638,-0.28879,-0.10559,0.09612
,,,,,,,,,,,
,,,,,,,,,,,
,,,,,,,,,,,
,,,,,,,,,,,
,,,,,,,,,,,
,,,,,,,,,,,
1/07/2013,RUS,RUB,Russia,87,32.9389,2.641253958,-0.36812,-0.43313,-0.34298,-0.17374,0.01261
1/07/2013,SAU,SAR,Saudi Arabia,10,3.7502,2.666524452,-0.36208,-0.42771,-0.3367,-0.16584,0.0223
,,,,,,,,,,,
1/07/2013,ZAF,ZAR,South Africa,22.5,10.04725,2.239418746,-0.46425,-0.51938,-0.44294,-0.29945,-0.14145
1/07/2013,KOR,KRW,South Korea,3900,1135.7,3.434005459,-0.17847,-0.26299,-0.14578,0.07425,0.31653
,,,,,,,,,,,
,,,,,,,,,,,
,,,,,,,,,,,
,,,,,,,,,,,
,,,,,,,,,,,
1/07/2013,TUR,TRY,Turkey,8.5,1.95745,4.342384224,0.03885,-0.06804,0.08018,0.35842,0.66479
,,,,,,,,,,,
,,,,,,,,,,,
1/07/2013,USA,USD,United States,4.18,1,4.18,0,-0.10289,0.03978,0.30762,0.60253
,,,,,,,,,,,
,,,,,,,,,,,
1/01/2014,ARG,ARS,Argentina,21,6.92125,3.034134008,-0.2844,-0.38851,-0.34423,0.0203,0.10605
1/01/2014,AUS,AUD,Australia,5.05,1.128859288,4.473542499,0.05508,-0.09841,-0.03312,0.50434,0.63077
1/01/2014,BRA,BRL,Brazil,12.4,2.36305,5.247455619,0.23761,0.05756,0.13414,0.76458,0.91289
1/01/2014,GBR,GBP,Britain,2.79,0.603009015,4.6267965,0.09123,-0.06752,0,0.55587,0.68663
1/01/2014,CAN,CAD,Canada,5.54,1.1051,5.013120985,0.18234,0.01033,0.0835,0.68578,0.82746
,,,,,,,,,,,
1/01/2014,CHN,CNY,China,16.6,6.0513,2.743212202,-0.35302,-0.44714,-0.4071,-0.07753,0
,,,,,,,,,,,
,,,,,,,,,,,
,,,,,,,,,,,
,,,,,,,,,,,
,,,,,,,,,,,
,,,,,,,,,,,
,,,,,,,,,,,
,,,,,,,,,,,
1/01/2014,IND,INR,India,95,61.845,1.53609831,-0.63771,-0.69042,-0.668,-0.48345,-0.44004
1/01/2014,IDN,IDR,Indonesia,27939,12140,2.301400329,-0.45722,-0.53618,-0.50259,-0.2261,-0.16106
,,,,,,,,,,,
1/01/2014,JPN,JPY,Japan,310,104.245,2.97376373,-0.29864,-0.40067,-0.35727,0,0.08404
,,,,,,,,,,,
1/01/2014,MEX,MXN,Mexico,37,13.33275,2.775121412,-0.34549,-0.44071,-0.40021,-0.0668,0.01163
,,,,,,,,,,,
,,,,,,,,,,,
,,,,,,,,,,,
,,,,,,,,,,,
,,,,,,,,,,,
,,,,,,,,,,,
1/01/2014,RUS,RUB,Russia,89,33.93925,2.62233255,-0.38153,-0.4715,-0.43323,-0.11818,-0.04407
1/01/2014,SAU,SAR,Saudi Arabia,11,3.7504,2.933020478,-0.30825,-0.40888,-0.36608,-0.0137,0.06919
,,,,,,,,,,,
1/01/2014,ZAF,ZAR,South Africa,23.5,10.87765,2.1603931,-0.49047,-0.5646,-0.53307,-0.27352,-0.21246
1/01/2014,KOR,KRW,South Korea,3700,1067.3,3.466691652,-0.18238,-0.30133,-0.25074,0.16576,0.26373
,,,,,,,,,,,
,,,,,,,,,,,
,,,,,,,,,,,
,,,,,,,,,,,
,,,,,,,,,,,
1/01/2014,TUR,TRY,Turkey,8.5,2.26155,3.758484225,-0.11357,-0.24252,-0.18767,0.26388,0.3701
,,,,,,,,,,,
,,,,,,,,,,,
1/01/2014,USA,USD,United States,4.24,1,4.24,0,-0.14548,-0.0836,0.4258,0.54563
,,,,,,,,,,,
,,,,,,,,,,,
1/07/2014,ARG,ARS,Argentina,21,8.16875,2.570772762,-0.40075,-0.48102,-0.47803,-0.29457,-0.05713
1/07/2014,AUS,AUD,Australia,5.1,1.059378145,4.814145,0.12218,-0.02814,-0.02254,0.32103,0.76565
1/07/2014,BRA,BRL,Brazil,13,2.22025,5.855196487,0.36485,0.18202,0.18884,0.6067,1.14747
1/07/2014,GBR,GBP,Britain,2.89,0.586785589,4.925137996,0.14805,-0.00573,0,0.35148,0.80636
1/07/2014,CAN,CAD,Canada,5.64,1.07405,5.251152181,0.22404,0.06008,0.06619,0.44094,0.92593
,,,,,,,,,,,
1/07/2014,CHN,CNY,China,16.9,6.1983,2.726554055,-0.36444,-0.44957,-0.4464,-0.25182,0
,,,,,,,,,,,
,,,,,,,,,,,
,,,,,,,,,,,
,,,,,,,,,,,
,,,,,,,,,,,
,,,,,,,,,,,
,,,,,,,,,,,
,,,,,,,,,,,
1/07/2014,IND,INR,India,105,60.08875,1.747415282,-0.59268,-0.64724,-0.6452,-0.5205,-0.35911
1/07/2014,IDN,IDR,Indonesia,27939,11505,2.428422425,-0.43393,-0.50976,-0.50693,-0.33363,-0.10934
,,,,,,,,,,,
1/07/2014,JPN,JPY,Japan,370,101.53,3.644243081,-0.15053,-0.26432,-0.26007,0,0.33657
,,,,,,,,,,,
1/07/2014,MEX,MXN,Mexico,42,12.93255,3.247619379,-0.24298,-0.34438,-0.3406,-0.10884,0.19111
,,,,,,,,,,,
,,,,,,,,,,,
,,,,,,,,,,,
,,,,,,,,,,,
,,,,,,,,,,,
,,,,,,,,,,,
1/07/2014,RUS,RUB,Russia,89,34.83725,2.554736668,-0.40449,-0.48426,-0.48129,-0.29897,-0.06302
1/07/2014,SAU,SAR,Saudi Arabia,11,3.75035,2.933059581,-0.3163,-0.40789,-0.40447,-0.19515,0.07574
,,,,,,,,,,,
1/07/2014,ZAF,ZAR,South Africa,24.5,10.5145,2.330115555,-0.45685,-0.52961,-0.52689,-0.3606,-0.1454
1/07/2014,KOR,KRW,South Korea,4100,1023.75,4.004884005,-0.06646,-0.19151,-0.18685,0.09896,0.46884
,,,,,,,,,,,
,,,,,,,,,,,
,,,,,,,,,,,
,,,,,,,,,,,
,,,,,,,,,,,
1/07/2014,TUR,TRY,Turkey,9.25,2.09125,4.423191871,0.03105,-0.10706,-0.10192,0.21375,0.62226
,,,,,,,,,,,
,,,,,,,,,,,
1/07/2014,USA,USD,United States,4.29,1,4.29,0,-0.13395,-0.12896,0.1772,0.57341
,,,,,,,,,,,
,,,,,,,,,,,
,,,,,,,,,,,
1/01/2015,ARG,ARS,Argentina,28,8.61,3.25203252,-0.24195,-0.2373,-0.25553,0.03507,0.17442
1/01/2015,AUS,AUD,Australia,5.3,1.227219734,4.318704999,0.00669,0.01287,-0.01134,0.37457,0.55963
1/01/2015,BRA,BRL,Brazil,13.5,2.59275,5.206826728,0.21371,0.22116,0.19197,0.65725,0.88036
1/01/2015,GBR,GBP,Britain,2.89,0.661594443,4.368234997,0.01824,0.02449,0,0.39034,0.57752
1/01/2015,CAN,CAD,Canada,5.7,1.22855,4.639615807,0.0815,0.08813,0.06213,0.47671,0.67552
,,,,,,,,,,,
1/01/2015,CHN,CNY,China,17.2,6.2115,2.769057394,-0.35453,-0.35057,-0.36609,-0.11865,0
,,,,,,,,,,,
,,,,,,,,,,,
,,,,,,,,,,,
,,,,,,,,,,,
,,,,,,,,,,,
,,,,,,,,,,,
,,,,,,,,,,,
,,,,,,,,,,,
1/01/2015,IND,INR,India,116.25,61.615,1.886715897,-0.56021,-0.55751,-0.56808,-0.39949,-0.31864
1/01/2015,IDN,IDR,Indonesia,27939,12480,2.238701923,-0.47816,-0.47496,-0.4875,-0.28746,-0.19153
,,,,,,,,,,,
1/01/2015,JPN,JPY,Japan,370,117.765,3.141850295,-0.26763,-0.26314,-0.28075,0,0.13463
,,,,,,,,,,,
1/01/2015,MEX,MXN,Mexico,49,14.6275,3.349854726,-0.21915,-0.21436,-0.23313,0.0662,0.20975
,,,,,,,,,,,
,,,,,,,,,,,
,,,,,,,,,,,
,,,,,,,,,,,
,,,,,,,,,,,
,,,,,,,,,,,
1/01/2015,RUS,RUB,Russia,89,65.227,1.364465635,-0.68194,-0.67999,-0.68764,-0.56571,-0.50725
1/01/2015,SAU,SAR,Saudi Arabia,11,3.7569,2.927945913,-0.3175,-0.31331,-0.32972,-0.06808,0.05738
,,,,,,,,,,,
1/01/2015,ZAF,ZAR,South Africa,25.5,11.47875,2.221496243,-0.48217,-0.47899,-0.49144,-0.29293,-0.19774
1/01/2015,KOR,KRW,South Korea,4100,1083.3,3.784731838,-0.11778,-0.11236,-0.13358,0.20462,0.36679
,,,,,,,,,,,
,,,,,,,,,,,
,,,,,,,,,,,
,,,,,,,,,,,
,,,,,,,,,,,
1/01/2015,TUR,TRY,Turkey,9.25,2.33345,3.96408751,-0.07597,-0.0703,-0.09252,0.2617,0.43157
,,,,,,,,,,,
,,,,,,,,,,,
1/01/2015,USA,USD,United States,4.29,1,4.29,0,0.00614,-0.01791,0.36544,0.54926
,,,,,,,,,,,
,,,,,,,,,,,
,,,,,,,,,,,
1/07/2015,ARG,ARS,Argentina,28,9.135,3.0651341,-0.28552,-0.24391,-0.32074,0.0267,0.11953
1/07/2015,AUS,AUD,Australia,5.3,1.35126005,3.922265,-0.08572,-0.03247,-0.13079,0.3138,0.4326
1/07/2015,BRA,BRL,Brazil,13.5,3.15235,4.28251939,-0.00174,0.05639,-0.05095,0.43447,0.56418
1/07/2015,GBR,GBP,Britain,2.89,0.640450877,4.512446003,0.05185,0.11311,0,0.51149,0.64816
1/07/2015,CAN,CAD,Canada,5.85,1.2897,4.53593859,0.05733,0.11891,0.00521,0.51936,0.65674
,,,,,,,,,,,
1/07/2015,CHN,CNY,China,17,6.2092,2.737872834,-0.3618,-0.32463,-0.39326,-0.08292,0
,,,,,,,,,,,
,,,,,,,,,,,
,,,,,,,,,,,
,,,,,,,,,,,
,,,,,,,,,,,
,,,,,,,,,,,
,,,,,,,,,,,
,,,,,,,,,,,
1/07/2015,IND,INR,India,116.25,63.43,1.832728993,-0.57279,-0.54791,-0.59385,-0.38611,-0.3306
1/07/2015,IDN,IDR,Indonesia,30500,13344.5,2.285585822,-0.46723,-0.4362,-0.49349,-0.23442,-0.1652
,,,,,,,,,,,
1/07/2015,JPN,JPY,Japan,370,123.935,2.985435914,-0.30409,-0.26357,-0.3384,0,0.09042
,,,,,,,,,,,
1/07/2015,MEX,MXN,Mexico,49,15.73975,3.113137121,-0.27433,-0.23206,-0.3101,0.04277,0.13706
,,,,,,,,,,,
,,,,,,,,,,,
,,,,,,,,,,,
,,,,,,,,,,,
,,,,,,,,,,,
,,,,,,,,,,,
1/07/2015,RUS,RUB,Russia,107,56.815,1.883305465,-0.561,-0.53543,-0.58264,-0.36917,-0.31213
1/07/2015,SAU,SAR,Saudi Arabia,12,3.75055,3.199530735,-0.25419,-0.21075,-0.29095,0.07171,0.16862
,,,,,,,,,,,
1/07/2015,ZAF,ZAR,South Africa,26,12.41455,2.094316749,-0.51181,-0.48338,-0.53588,-0.29849,-0.23506
1/07/2015,KOR,KRW,South Korea,4300,1143.5,3.760384784,-0.12345,-0.0724,-0.16666,0.25958,0.37347
,,,,,,,,,,,
,,,,,,,,,,,
,,,,,,,,,,,
,,,,,,,,,,,
,,,,,,,,,,,
1/07/2015,TUR,TRY,Turkey,10.25,2.6457,3.874210984,-0.09692,-0.04433,-0.14144,0.2977,0.41504
,,,,,,,,,,,
,,,,,,,,,,,
1/07/2015,USA,USD,United States,4.29,1,4.29,0,0.05824,-0.0493,0.43698,0.56691
,,,,,,,,,,,
,,,,,,,,,,,
,,,,,,,,,,,
1/01/2016,ARG,ARS,Argentina,33,13.80925,2.389702554,-0.44296,-0.40242,-0.43397,-0.23371,-0.10954
1/01/2016,AUS,AUD,Australia,5.3,1.415728746,3.743655001,-0.12735,-0.06385,-0.11327,0.20045,0.39498
1/01/2016,BRA,BRL,Brazil,13.5,4.0248,3.354203936,-0.21813,-0.16124,-0.20551,0.07557,0.24986
1/01/2016,GBR,GBP,Britain,2.89,0.684532977,4.221856502,-0.01588,0.05573,0,0.35379,0.57317
1/01/2016,CAN,CAD,Canada,5.84,1.4092,4.144195288,-0.03399,0.03631,-0.0184,0.32889,0.54423
,,,,,,,,,,,
1/01/2016,CHN,CNY,China,17.6,6.5582,2.6836632,-0.37444,-0.32892,-0.36434,-0.13945,0
,,,,,,,,,,,
,,,,,,,,,,,
,,,,,,,,,,,
,,,,,,,,,,,
,,,,,,,,,,,
,,,,,,,,,,,
,,,,,,,,,,,
,,,,,,,,,,,
1/01/2016,IND,INR,India,127,66.8025,1.901126455,-0.55685,-0.5246,-0.54969,-0.39038,-0.29159
1/01/2016,IDN,IDR,Indonesia,30500,13947.5,2.186771823,-0.49026,-0.45317,-0.48204,-0.29879,-0.18515
,,,,,,,,,,,
1/01/2016,JPN,JPY,Japan,370,118.645,3.118546926,-0.27307,-0.22017,-0.26133,0,0.16205
,,,,,,,,,,,
1/01/2016,MEX,MXN,Mexico,49,17.43675,2.810156709,-0.34495,-0.29729,-0.33438,-0.09889,0.04713
,,,,,,,,,,,
,,,,,,,,,,,
,,,,,,,,,,,
,,,,,,,,,,,
,,,,,,,,,,,
,,,,,,,,,,,
1/01/2016,RUS,RUB,Russia,114,74.655,1.527024312,-0.64405,-0.61815,-0.63831,-0.51034,-0.43099
1/01/2016,SAU,SAR,Saudi Arabia,12,3.7543,3.196334869,-0.25493,-0.20072,-0.24291,0.02494,0.19103
,,,,,,,,,,,
1/01/2016,ZAF,ZAR,South Africa,28,15.81375,1.770611019,-0.58727,-0.55724,-0.58061,-0.43223,-0.34023
1/01/2016,KOR,KRW,South Korea,4300,1197.75,3.590064705,-0.16316,-0.10226,-0.14965,0.1512,0.33775
,,,,,,,,,,,
,,,,,,,,,,,
,,,,,,,,,,,
,,,,,,,,,,,
,,,,,,,,,,,
1/01/2016,TUR,TRY,Turkey,10.25,3.0096,3.405768208,-0.20611,-0.14835,-0.1933,0.0921,0.26907
,,,,,,,,,,,
,,,,,,,,,,,
1/01/2016,USA,USD,United States,4.29,1,4.29,0,0.07277,0.01614,0.37564,0.59856
,,,,,,,,,,,
,,,,,,,,,,,
,,,,,,,,,,,
1/07/2016,ARG,ARS,Argentina,50,14.935,3.347840643,-0.25604,-0.20396,-0.15034,-0.03433,0.20198
1/07/2016,AUS,AUD,Australia,5.75,1.335737661,4.3047375,-0.04339,0.02357,0.09251,0.24168,0.54554
1/07/2016,BRA,BRL,Brazil,15.5,3.24145,4.781810609,0.06262,0.137,0.21359,0.37929,0.71682
1/07/2016,GBR,GBP,Britain,2.99,0.758840492,3.940221999,-0.1244,-0.06311,0,0.13654,0.41467
1/07/2016,CAN,CAD,Canada,6,1.303,4.60475825,0.02328,0.0949,0.16865,0.32822,0.65326
,,,,,,,,,,,
1/07/2016,CHN,CNY,China,18.6,6.678,2.785265049,-0.38105,-0.33773,-0.29312,-0.1966,0
,,,,,,,,,,,
,,,,,,,,,,,
,,,,,,,,,,,
,,,,,,,,,,,
,,,,,,,,,,,
,,,,,,,,,,,
,,,,,,,,,,,
,,,,,,,,,,,
1/07/2016,IND,INR,India,162,67.2,2.410714286,-0.46429,-0.42679,-0.38818,-0.30464,-0.13448
1/07/2016,IDN,IDR,Indonesia,31000,13112.5,2.364156339,-0.47463,-0.43786,-0.39999,-0.31807,-0.15119
,,,,,,,,,,,
1/07/2016,JPN,JPY,Japan,370,106.725,3.466854064,-0.22959,-0.17566,-0.12014,0,0.24471
,,,,,,,,,,,
1/07/2016,MEX,MXN,Mexico,44,18.535,2.37388724,-0.47247,-0.43555,-0.39752,-0.31526,-0.1477
,,,,,,,,,,,
,,,,,,,,,,,
,,,,,,,,,,,
,,,,,,,,,,,
,,,,,,,,,,,
,,,,,,,,,,,
1/07/2016,RUS,RUB,Russia,130,63.40755,2.050229034,-0.54439,-0.5125,-0.47967,-0.40862,-0.2639
1/07/2016,SAU,SAR,Saudi Arabia,12,3.7505,3.19957339,-0.28898,-0.23922,-0.18797,-0.0771,0.14875
,,,,,,,,,,,
1/07/2016,ZAF,ZAR,South Africa,30,14.27375,2.101760224,-0.53294,-0.50025,-0.46659,-0.39376,-0.2454
1/07/2016,KOR,KRW,South Korea,4400,1140.95,3.856435427,-0.14301,-0.08303,-0.02126,0.11237,0.38458
,,,,,,,,,,,
,,,,,,,,,,,
,,,,,,,,,,,
,,,,,,,,,,,
,,,,,,,,,,,
1/07/2016,TUR,TRY,Turkey,10.75,3.04305,3.53263995,-0.21497,-0.16002,-0.10344,0.01898,0.26833
,,,,,,,,,,,
,,,,,,,,,,,
1/07/2016,USA,USD,United States,4.5,1,4.5,0,0.06999,0.14207,0.29801,0.61565
,,,,,,,,,,,
,,,,,,,,,,,
,,,,,,,,,,,
1/01/2017,ARG,ARS,Argentina,55,15.8575,3.468390352,-0.22925,-0.14609,-0.06974,0.06484,0.22572
1/01/2017,AUS,AUD,Australia,5.8,1.356668023,4.275180001,-0.04996,0.05254,0.14665,0.31254,0.51084
1/01/2017,BRA,BRL,Brazil,16.5,3.22395,5.117945378,0.13732,0.26003,0.37269,0.57128,0.80867
1/01/2017,GBR,GBP,Britain,3.09,0.82877507,3.728394002,-0.17147,-0.08208,0,0.14467,0.31761
1/01/2017,CAN,CAD,Canada,5.98,1.326,4.509803922,0.00218,0.1103,0.20958,0.38457,0.59376
,,,,,,,,,,,
1/01/2017,CHN,CNY,China,19.6,6.9266,2.829671123,-0.37118,-0.30334,-0.24105,-0.13125,0
,,,,,,,,,,,
,,,,,,,,,,,
,,,,,,,,,,,
,,,,,,,,,,,
,,,,,,,,,,,
,,,,,,,,,,,
,,,,,,,,,,,
,,,,,,,,,,,
1/01/2017,IND,INR,India,170,68.3275,2.48801727,-0.44711,-0.38746,-0.33268,-0.23615,-0.12074
1/01/2017,IDN,IDR,Indonesia,31000,13329,2.325755871,-0.48317,-0.4274,-0.3762,-0.28596,-0.17808
,,,,,,,,,,,
1/01/2017,JPN,JPY,Japan,380,116.665,3.257189388,-0.27618,-0.19809,-0.12638,0,0.15108
,,,,,,,,,,,
1/01/2017,MEX,MXN,Mexico,49,21.9505,2.232295392,-0.50393,-0.45041,-0.40127,-0.31466,-0.21111
,,,,,,,,,,,
,,,,,,,,,,,
,,,,,,,,,,,
,,,,,,,,,,,
,,,,,,,,,,,
,,,,,,,,,,,
1/01/2017,RUS,RUB,Russia,130,60.4375,2.15098242,-0.522,-0.47043,-0.42308,-0.33962,-0.23985
1/01/2017,SAU,SAR,Saudi Arabia,12,3.75065,3.199445429,-0.28901,-0.2123,-0.14187,-0.01773,0.13068
,,,,,,,,,,,
1/01/2017,ZAF,ZAR,South Africa,26.32,13.9525,1.886400287,-0.5808,-0.53557,-0.49404,-0.42085,-0.33335
1/01/2017,KOR,KRW,South Korea,4400,1196.45,3.677546074,-0.18277,-0.0946,-0.01364,0.12906,0.29964
,,,,,,,,,,,
,,,,,,,,,,,
,,,,,,,,,,,
,,,,,,,,,,,
,,,,,,,,,,,
1/01/2017,TUR,TRY,Turkey,10.75,3.91115,2.748552216,-0.38921,-0.32331,-0.26281,-0.15616,-0.02867
,,,,,,,,,,,
,,,,,,,,,,,
1/01/2017,USA,USD,United States,4.5,1,4.5,0,0.10789,0.20695,0.38156,0.59029
,,,,,,,,,,,
,,,,,,,,,,,
,,,,,,,,,,,
1/07/2017,ARG,ARS,Argentina,70,16.9675,4.125534109,-0.08321,-0.07603,0.00343,0.22745,0.41425
1/07/2017,AUS,AUD,Australia,5.9,1.303016483,4.527955001,0.00621,0.01409,0.10131,0.34719,0.5522
1/07/2017,BRA,BRL,Brazil,16.5,3.2343,5.101567573,0.13368,0.14256,0.24083,0.51785,0.74883
1/07/2017,GBR,GBP,Britain,3.19,0.775885479,4.111431502,-0.08635,-0.07919,0,0.22326,0.40941
1/07/2017,CAN,CAD,Canada,5.97,1.2823,4.655696795,0.0346,0.0427,0.13238,0.38519,0.59599
,,,,,,,,,,,
1/07/2017,CHN,CNY,China,19.8,6.7875,2.917127072,-0.35175,-0.34667,-0.29048,-0.13208,0
,,,,,,,,,,,
,,,,,,,,,,,
,,,,,,,,,,,
,,,,,,,,,,,
,,,,,,,,,,,
,,,,,,,,,,,
,,,,,,,,,,,
,,,,,,,,,,,
1/07/2017,IND,INR,India,178,64.5575,2.757231925,-0.38728,-0.38248,-0.32937,-0.17965,-0.05481
1/07/2017,IDN,IDR,Indonesia,32126,13369.5,2.402932047,-0.46602,-0.46183,-0.41555,-0.28506,-0.17627
,,,,,,,,,,,
1/07/2017,JPN,JPY,Japan,380,113.06,3.361047232,-0.2531,-0.24725,-0.18251,0,0.15218
,,,,,,,,,,,
1/07/2017,MEX,MXN,Mexico,49,17.79075,2.754240265,-0.38795,-0.38315,-0.3301,-0.18054,-0.05584
,,,,,,,,,,,
,,,,,,,,,,,
,,,,,,,,,,,
,,,,,,,,,,,
,,,,,,,,,,,
,,,,,,,,,,,
1/07/2017,RUS,RUB,Russia,137,60.1369,2.278135388,-0.49375,-0.48978,-0.4459,-0.32219,-0.21905
1/07/2017,SAU,SAR,Saudi Arabia,12,3.75015,3.199872005,-0.28892,-0.28335,-0.22171,-0.04795,0.09693
,,,,,,,,,,,
1/07/2017,ZAF,ZAR,South Africa,30,13.27,2.260738508,-0.49761,-0.49368,-0.45013,-0.32737,-0.22501
1/07/2017,KOR,KRW,South Korea,4400,1144.65,3.843969772,-0.14578,-0.13909,-0.06505,0.14368,0.31772
,,,,,,,,,,,
,,,,,,,,,,,
,,,,,,,,,,,
,,,,,,,,,,,
,,,,,,,,,,,
1/07/2017,TUR,TRY,Turkey,10.75,3.57605,3.006110094,-0.33198,-0.32674,-0.26884,-0.1056,0.0305
,,,,,,,,,,,
,,,,,,,,,,,
1/07/2017,USA,USD,United States,4.5,1,4.5,0,0.00783,0.09451,0.33887,0.54261
,,,,,,,,,,,
,,,,,,,,,,,
,,,,,,,,,,,
1/01/2018,ARG,ARS,Argentina,75,18.9375,3.96039604,-0.14091,-0.18102,-0.10257,0.15399,0.24869
1/01/2018,AUS,AUD,Australia,5.9,1.253682693,4.706135,0.02085,-0.02681,0.06641,0.37128,0.48382
1/01/2018,BRA,BRL,Brazil,16.5,3.2279,5.111682518,0.10882,0.05705,0.15831,0.48945,0.61168
1/01/2018,GBR,GBP,Britain,3.19,0.72285673,4.413045999,-0.04272,-0.08742,0,0.28588,0.39141
1/01/2018,CAN,CAD,Canada,6.55,1.2459,5.25724376,0.1404,0.08715,0.1913,0.53186,0.65758
,,,,,,,,,,,
1/01/2018,CHN,CNY,China,20.4,6.432,3.171641791,-0.31201,-0.34413,-0.2813,-0.07584,0
,,,,,,,,,,,
,,,,,,,,,,,
,,,,,,,,,,,
,,,,,,,,,,,
,,,,,,,,,,,
,,,,,,,,,,,
,,,,,,,,,,,
,,,,,,,,,,,
1/01/2018,IND,INR,India,180,63.86125,2.81861066,-0.38859,-0.41714,-0.3613,-0.17871,-0.11131
1/01/2018,IDN,IDR,Indonesia,35750,13359,2.67609851,-0.4195,-0.44661,-0.39359,-0.22023,-0.15624
,,,,,,,,,,,
1/01/2018,JPN,JPY,Japan,380,110.725,3.431925943,-0.25555,-0.29031,-0.22232,0,0.08207
,,,,,,,,,,,
1/01/2018,MEX,MXN,Mexico,48,18.6635,2.57186487,-0.44211,-0.46816,-0.41721,-0.25061,-0.18911
,,,,,,,,,,,
,,,,,,,,,,,
,,,,,,,,,,,
,,,,,,,,,,,
,,,,,,,,,,,
,,,,,,,,,,,
1/01/2018,RUS,RUB,Russia,130,56.745,2.290950745,-0.50305,-0.52625,-0.48087,-0.33246,-0.27768
1/01/2018,SAU,SAR,Saudi Arabia,12,3.7503,3.19974402,-0.30591,-0.33832,-0.27494,-0.06765,0.00886
,,,,,,,,,,,
1/01/2018,ZAF,ZAR,South Africa,30,12.25815,2.447351354,-0.46912,-0.49391,-0.44543,-0.28689,-0.22836
1/01/2018,KOR,KRW,South Korea,4400,1069.25,4.115033902,-0.10737,-0.14905,-0.06753,0.19905,0.29745
,,,,,,,,,,,
,,,,,,,,,,,
,,,,,,,,,,,
,,,,,,,,,,,
,,,,,,,,,,,
1/01/2018,TUR,TRY,Turkey,10.75,3.8026,2.827013096,-0.38677,-0.4154,-0.3594,-0.17626,-0.10866
,,,,,,,,,,,
,,,,,,,,,,,
1/01/2018,USA,USD,United States,4.61,1,4.61,0,-0.04669,0.04463,0.34327,0.45351
,,,,,,,,,,,
,,,,,,,,,,,
1/07/2018,ARG,ARS,Argentina,75,27.725,2.705139766,-0.41447,-0.4287,-0.36072,-0.22834,-0.12617
1/07/2018,AUS,AUD,Australia,6.05,1.339853956,4.5154175,-0.02264,-0.04639,0.06709,0.28805,0.45859
,,,,,,,,,,,
,,,,,,,,,,,
1/07/2018,BRA,BRL,Brazil,16.9,3.83835,4.402933552,-0.04698,-0.07015,0.04051,0.25597,0.42225
1/07/2018,GBR,GBP,Britain,3.19,0.753863551,4.231534998,-0.08408,-0.10634,0,0.20707,0.36689
1/07/2018,CAN,CAD,Canada,6.65,1.31235,5.06724578,0.09681,0.07015,0.1975,0.44546,0.63684
,,,,,,,,,,,
1/07/2018,CHN,CNY,China,20.5,6.622,3.095741468,-0.32993,-0.34621,-0.26841,-0.11692,0
,,,,,,,,,,,
,,,,,,,,,,,
,,,,,,,,,,,
,,,,,,,,,,,
,,,,,,,,,,,
,,,,,,,,,,,
,,,,,,,,,,,
,,,,,,,,,,,
,,,,,,,,,,,
,,,,,,,,,,,
,,,,,,,,,,,
1/07/2018,IND,INR,India,173,68.825,2.513621504,-0.45593,-0.46915,-0.40598,-0.28297,-0.18804
1/07/2018,IDN,IDR,Indonesia,31500,14360,2.193593315,-0.5252,-0.53674,-0.48161,-0.37426,-0.29142
,,,,,,,,,,,
1/07/2018,JPN,JPY,Japan,390,111.25,3.505617978,-0.24121,-0.25965,-0.17155,0,0.1324
,,,,,,,,,,,
,,,,,,,,,,,
,,,,,,,,,,,
,,,,,,,,,,,
1/07/2018,MEX,MXN,Mexico,49,19.0515,2.57197596,-0.4433,-0.45683,-0.39219,-0.26633,-0.16919
,,,,,,,,,,,
,,,,,,,,,,,
,,,,,,,,,,,
,,,,,,,,,,,
,,,,,,,,,,,
,,,,,,,,,,,
,,,,,,,,,,,
,,,,,,,,,,,
,,,,,,,,,,,
,,,,,,,,,,,
,,,,,,,,,,,
1/07/2018,RUS,RUB,Russia,130,62.14065,2.092028326,-0.54718,-0.55819,-0.50561,-0.40324,-0.32422
1/07/2018,SAU,SAR,Saudi Arabia,12,3.7504,3.199658703,-0.30743,-0.32427,-0.24385,-0.08728,0.03357
,,,,,,,,,,,
1/07/2018,ZAF,ZAR,South Africa,31,13.3619,2.320029337,-0.49783,-0.51003,-0.45173,-0.3382,-0.25057
1/07/2018,KOR,KRW,South Korea,4500,1116,4.032258065,-0.12722,-0.14843,-0.04709,0.15023,0.30252
,,,,,,,,,,,
,,,,,,,,,,,
,,,,,,,,,,,
,,,,,,,,,,,
,,,,,,,,,,,
1/07/2018,TUR,TRY,Turkey,10.75,4.70625,2.284196547,-0.50559,-0.5176,-0.4602,-0.34842,-0.26215
,,,,,,,,,,,
,,,,,,,,,,,
1/07/2018,USA,USD,United States,4.62,1,4.62,0,-0.0243,0.0918,0.31788,0.49237
,,,,,,,,,,,
,,,,,,,,,,,
1/01/2019,ARG,ARS,Argentina,75,37.455,2.002402883,-0.57486,-0.56862,-0.50837,-0.44323,-0.34374
1/01/2019,AUS,AUD,Australia,6.1,1.401639919,4.352044999,-0.076,-0.06244,0.06851,0.21009,0.42633
,,,,,,,,,,,
,,,,,,,,,,,
1/01/2019,BRA,BRL,Brazil,16.9,3.71795,4.545515674,-0.03492,-0.02077,0.11601,0.26389,0.48973
1/01/2019,GBR,GBP,Britain,3.19,0.78320802,4.072992,-0.13525,-0.12256,0,0.1325,0.33487
1/01/2019,CAN,CAD,Canada,6.77,1.3314,5.084873066,0.07959,0.09543,0.24844,0.41386,0.6665
,,,,,,,,,,,
1/01/2019,CHN,CNY,China,20.9,6.8497,3.051228521,-0.35218,-0.34268,-0.25086,-0.1516,0
,,,,,,,,,,,
,,,,,,,,,,,
,,,,,,,,,,,
,,,,,,,,,,,
,,,,,,,,,,,
,,,,,,,,,,,
,,,,,,,,,,,
,,,,,,,,,,,
,,,,,,,,,,,
,,,,,,,,,,,
,,,,,,,,,,,
1/01/2019,IND,INR,India,178,69.685,2.554351726,-0.45767,-0.44972,-0.37286,-0.28976,-0.16284
1/01/2019,IDN,IDR,Indonesia,33000,14090,2.342086586,-0.50274,-0.49545,-0.42497,-0.34878,-0.23241
,,,,,,,,,,,
1/01/2019,JPN,JPY,Japan,390,108.44,3.596458871,-0.23642,-0.22522,-0.117,0,0.17869
,,,,,,,,,,,
,,,,,,,,,,,
,,,,,,,,,,,
,,,,,,,,,,,
1/01/2019,MEX,MXN,Mexico,49,19.30875,2.537709588,-0.46121,-0.4533,-0.37694,-0.29439,-0.1683
,,,,,,,,,,,
,,,,,,,,,,,
,,,,,,,,,,,
,,,,,,,,,,,
,,,,,,,,,,,
,,,,,,,,,,,
,,,,,,,,,,,
,,,,,,,,,,,
,,,,,,,,,,,
,,,,,,,,,,,
,,,,,,,,,,,
1/01/2019,RUS,RUB,Russia,110.17,66.685,1.652095674,-0.64924,-0.64409,-0.59438,-0.54063,-0.45855
1/01/2019,SAU,SAR,Saudi Arabia,12,3.75115,3.199018968,-0.3208,-0.31084,-0.21458,-0.11051,0.04844
,,,,,,,,,,,
1/01/2019,ZAF,ZAR,South Africa,31,13.8675,2.235442582,-0.52538,-0.51842,-0.45115,-0.37843,-0.26736
1/01/2019,KOR,KRW,South Korea,4500,1118.6,4.02288575,-0.14588,-0.13336,-0.0123,0.11857,0.31845
,,,,,,,,,,,
,,,,,,,,,,,
,,,,,,,,,,,
,,,,,,,,,,,
,,,,,,,,,,,
1/01/2019,TUR,TRY,Turkey,10.75,5.3834,1.996879296,-0.57603,-0.56981,-0.50973,-0.44477,-0.34555
,,,,,,,,,,,
,,,,,,,,,,,
1/01/2019,USA,USD,United States,4.71,1,4.71,0,0.01467,0.1564,0.30962,0.54364
,,,,,,,,,,,
,,,,,,,,,,,
9/07/2019,ARG,ARS,Argentina,120,41.8045,2.870504372,-0.39055,-0.37219,-0.3001,-0.19946,-0.05894
9/07/2019,AUS,AUD,Australia,6.15,1.443626389,4.260105001,-0.09552,-0.06827,0.03872,0.18808,0.39662
,,,,,,,,,,,
,,,,,,,,,,,
9/07/2019,BRA,BRL,Brazil,17.5,3.8073,4.596433168,-0.02411,0.00529,0.12072,0.28187,0.50689
9/07/2019,GBR,GBP,Britain,3.29,0.802181935,4.101313999,-0.12923,-0.103,0,0.14379,0.34457
9/07/2019,CAN,CAD,Canada,6.77,1.31305,5.155934656,0.09468,0.12766,0.25714,0.43791,0.69031
,,,,,,,,,,,
9/07/2019,CHN,CNY,China,21,6.8846,3.050286146,-0.35238,-0.33287,-0.25627,-0.14932,0
,,,,,,,,,,,
,,,,,,,,,,,
,,,,,,,,,,,
,,,,,,,,,,,
,,,,,,,,,,,
,,,,,,,,,,,
,,,,,,,,,,,
,,,,,,,,,,,
,,,,,,,,,,,
,,,,,,,,,,,
,,,,,,,,,,,
9/07/2019,IND,INR,India,183,68.5544,2.669412904,-0.43325,-0.41617,-0.34913,-0.25554,-0.12486
9/07/2019,IDN,IDR,Indonesia,32000,14130,2.264685067,-0.51918,-0.50469,-0.44781,-0.36841,-0.25755
,,,,,,,,,,,
9/07/2019,JPN,JPY,Japan,390,108.765,3.585712316,-0.2387,-0.21577,-0.12572,0,0.17553
,,,,,,,,,,,
,,,,,,,,,,,
,,,,,,,,,,,
,,,,,,,,,,,
9/07/2019,MEX,MXN,Mexico,50,18.89525,2.646167688,-0.43818,-0.42126,-0.3548,-0.26202,-0.13249
,,,,,,,,,,,
,,,,,,,,,,,
,,,,,,,,,,,
,,,,,,,,,,,
,,,,,,,,,,,
,,,,,,,,,,,
,,,,,,,,,,,
,,,,,,,,,,,
,,,,,,,,,,,
,,,,,,,,,,,
,,,,,,,,,,,
9/07/2019,RUS,RUB,Russia,130,63.83875,2.036380725,-0.56765,-0.55462,-0.50348,-0.43208,-0.3324
9/07/2019,SAU,SAR,Saudi Arabia,13,3.75035,3.466343141,-0.26405,-0.24187,-0.15482,-0.03329,0.1364
,,,,,,,,,,,
9/07/2019,ZAF,ZAR,South Africa,31,14.175,2.186948854,-0.53568,-0.52169,-0.46677,-0.39009,-0.28303
9/07/2019,KOR,KRW,South Korea,4500,1180.55,3.811782644,-0.1907,-0.16632,-0.07059,0.06305,0.24965
,,,,,,,,,,,
,,,,,,,,,,,
,,,,,,,,,,,
,,,,,,,,,,,
,,,,,,,,,,,
9/07/2019,TUR,TRY,Turkey,13.99,5.722,2.444949318,-0.4809,-0.46526,-0.40386,-0.31814,-0.19845
,,,,,,,,,,,
,,,,,,,,,,,
9/07/2019,USA,USD,United States,4.71,1,4.71,0,0.03013,0.14841,0.31355,0.54412
,,,,,,,,,,,
,,,,,,,,,,,
14/01/2020,ARG,ARS,Argentina,171,60.0656,2.846887403,-0.40936,-0.37869,-0.35448,-0.19674,-0.08833
14/01/2020,AUS,AUD,Australia,6.45,1.449065353,4.451145,-0.07653,-0.02857,0.00928,0.25591,0.4254
,,,,,,,,,,,
,,,,,,,,,,,
14/01/2020,BRA,BRL,Brazil,19.9,4.1419,4.804558295,-0.0032,0.04856,0.08941,0.35562,0.53858
14/01/2020,GBR,GBP,Britain,3.39,0.76866905,4.410220497,-0.08502,-0.0375,0,0.24436,0.4123
14/01/2020,CAN,CAD,Canada,6.77,1.30655,5.181585091,0.07502,0.13084,0.1749,0.462,0.65931
,,,,,,,,,,,
14/01/2020,CHN,CNY,China,21.5,6.885,3.122730574,-0.35213,-0.31849,-0.29193,-0.11891,0
,,,,,,,,,,,
,,,,,,,,,,,
,,,,,,,,,,,
,,,,,,,,,,,
,,,,,,,,,,,
,,,,,,,,,,,
,,,,,,,,,,,
,,,,,,,,,,,
,,,,,,,,,,,
,,,,,,,,,,,
,,,,,,,,,,,
14/01/2020,IND,INR,India,188,70.87815,2.652439433,-0.4497,-0.42112,-0.39857,-0.2516,-0.1506
14/01/2020,IDN,IDR,Indonesia,33000,13670,2.414045355,-0.49916,-0.47315,-0.45262,-0.31887,-0.22694
,,,,,,,,,,,
14/01/2020,JPN,JPY,Japan,390,110.04,3.544165758,-0.2647,-0.22651,-0.19637,0,0.13496
,,,,,,,,,,,
,,,,,,,,,,,
,,,,,,,,,,,
,,,,,,,,,,,
14/01/2020,MEX,MXN,Mexico,50,18.8205,2.656677559,-0.44882,-0.4202,-0.39761,-0.25041,-0.14925
,,,,,,,,,,,
,,,,,,,,,,,
,,,,,,,,,,,
,,,,,,,,,,,
,,,,,,,,,,,
,,,,,,,,,,,
,,,,,,,,,,,
,,,,,,,,,,,
,,,,,,,,,,,
,,,,,,,,,,,
,,,,,,,,,,,
14/01/2020,RUS,RUB,Russia,135,61.4325,2.197533879,-0.54408,-0.5204,-0.50172,-0.37996,-0.29628
14/01/2020,SAU,SAR,Saudi Arabia,13,3.7518,3.465003465,-0.28112,-0.24379,-0.21432,-0.02234,0.10961
,,,,,,,,,,,
14/01/2020,ZAF,ZAR,South Africa,31,14.391,2.154124105,-0.55309,-0.52988,-0.51156,-0.39221,-0.31018
14/01/2020,KOR,KRW,South Korea,4500,1156.1,3.892396851,-0.19245,-0.15051,-0.11741,0.09825,0.24647
,,,,,,,,,,,
,,,,,,,,,,,
,,,,,,,,,,,
,,,,,,,,,,,
,,,,,,,,,,,
14/01/2020,TUR,TRY,Turkey,12.99,5.88025,2.20908975,-0.54168,-0.51788,-0.4991,-0.3767,-0.29258
,,,,,,,,,,,
,,,,,,,,,,,
14/01/2020,USA,USD,United States,4.82,1,4.82,0,0.05193,0.09292,0.35998,0.54352
,,,,,,,,,,,
,,,,,,,,,,,
1/07/2020,ARG,ARS,Argentina,250,71.24065,3.50923244,-0.27194,-0.26679,-0.17957,-0.03474,0.13258
1/07/2020,AUS,AUD,Australia,6.55,1.430615165,4.578449998,-0.05011,-0.04339,0.0704,0.25937,0.47766
,,,,,,,,,,,
,,,,,,,,,,,
1/07/2020,BRA,BRL,Brazil,20.9,5.34045,3.913527886,-0.18806,-0.18232,-0.08505,0.07647,0.26306
1/07/2020,GBR,GBP,Britain,3.39,0.79255003,4.277332498,-0.11259,-0.10631,0,0.17654,0.38047
1/07/2020,CAN,CAD,Canada,6.88,1.3552,5.07674144,0.05327,0.06072,0.18689,0.39643,0.63848
,,,,,,,,,,,
1/07/2020,CHN,CNY,China,21.7,7.0035,3.098450775,-0.35717,-0.35262,-0.27561,-0.14773,0
,,,,,,,,,,,
,,,,,,,,,,,
,,,,,,,,,,,
,,,,,,,,,,,
,,,,,,,,,,,
,,,,,,,,,,,
,,,,,,,,,,,
,,,,,,,,,,,
,,,,,,,,,,,
,,,,,,,,,,,
,,,,,,,,,,,
1/07/2020,IND,INR,India,190,75.1975,2.526679743,-0.47579,-0.47208,-0.40929,-0.305,-0.18453
1/07/2020,IDN,IDR,Indonesia,34000,14435,2.355386214,-0.51133,-0.50787,-0.44933,-0.35212,-0.23982
,,,,,,,,,,,
1/07/2020,JPN,JPY,Japan,390,107.275,3.635516197,-0.24574,-0.24041,-0.15005,0,0.17333
,,,,,,,,,,,
,,,,,,,,,,,
,,,,,,,,,,,
,,,,,,,,,,,
1/07/2020,MEX,MXN,Mexico,50,22.436,2.228561241,-0.53764,-0.53437,-0.47898,-0.387,-0.28075
,,,,,,,,,,,
,,,,,,,,,,,
,,,,,,,,,,,
,,,,,,,,,,,
,,,,,,,,,,,
,,,,,,,,,,,
,,,,,,,,,,,
,,,,,,,,,,,
,,,,,,,,,,,
,,,,,,,,,,,
,,,,,,,,,,,
1/07/2020,RUS,RUB,Russia,135,70.585,1.91258766,-0.6032,-0.60039,-0.55286,-0.47392,-0.38273
1/07/2020,SAU,SAR,Saudi Arabia,14,3.75105,3.732288293,-0.22567,-0.22019,-0.12743,0.02662,0.20457
,,,,,,,,,,,
1/07/2020,ZAF,ZAR,South Africa,31,16.6725,1.859349228,-0.61424,-0.61151,-0.5653,-0.48856,-0.39991
1/07/2020,KOR,KRW,South Korea,4500,1200.95,3.747033598,-0.22261,-0.21711,-0.12398,0.03067,0.20932
,,,,,,,,,,,
,,,,,,,,,,,
,,,,,,,,,,,
,,,,,,,,,,,
,,,,,,,,,,,
1/07/2020,TUR,TRY,Turkey,13.99,6.8595,2.039507253,-0.57687,-0.57387,-0.52318,-0.439,-0.34177
,,,,,,,,,,,
,,,,,,,,,,,
1/07/2020,USA,USD,United States,4.82,1,4.82,0,0.00707,0.12687,0.32581,0.55562
,,,,,,,,,,,
,,,,,,,,,,,
1/01/2021,ARG,ARS,Argentina,320,85.3736,3.748231303,-0.23349,-0.27416,-0.15537,0.00236,0.08349
1/01/2021,AUS,AUD,Australia,6.48,1.299967501,4.984739999,0.01937,-0.03471,0.12327,0.33303,0.44092
,,,,,,,,,,,
,,,,,,,,,,,
1/01/2021,BRA,BRL,Brazil,21.9,5.5046,3.978490717,-0.1864,-0.22957,-0.10348,0.06394,0.15005
1/01/2021,GBR,GBP,Britain,3.29,0.74137228,4.437716501,-0.09249,-0.14064,0,0.18675,0.2828
1/01/2021,CAN,CAD,Canada,6.77,1.2803,5.287823166,0.08135,0.02399,0.19156,0.41409,0.52853
,,,,,,,,,,,
1/01/2021,CHN,CNY,China,22.4,6.4751,3.459406032,-0.29256,-0.33009,-0.22045,-0.07487,0
,,,,,,,,,,,
,,,,,,,,,,,
,,,,,,,,,,,
,,,,,,,,,,,
,,,,,,,,,,,
,,,,,,,,,,,
,,,,,,,,,,,
,,,,,,,,,,,
,,,,,,,,,,,
,,,,,,,,,,,
,,,,,,,,,,,
1/01/2021,IND,INR,India,190,73.39,2.588908571,-0.47057,-0.49866,-0.41661,-0.30767,-0.25163
1/01/2021,IDN,IDR,Indonesia,34000,14125,2.407079646,-0.50775,-0.53387,-0.45759,-0.35629,-0.30419
,,,,,,,,,,,
1/01/2021,JPN,JPY,Japan,390,104.295,3.739393068,-0.2353,-0.27587,-0.15736,0,0.08094
,,,,,,,,,,,
,,,,,,,,,,,
,,,,,,,,,,,
,,,,,,,,,,,
1/01/2021,MEX,MXN,Mexico,54,20.11475,2.684597124,-0.451,-0.48013,-0.39505,-0.28208,-0.22397
,,,,,,,,,,,
,,,,,,,,,,,
,,,,,,,,,,,
,,,,,,,,,,,
,,,,,,,,,,,
,,,,,,,,,,,
,,,,,,,,,,,
,,,,,,,,,,,
,,,,,,,,,,,
,,,,,,,,,,,
,,,,,,,,,,,
1/01/2021,RUS,RUB,Russia,135,74.63,1.808924025,-0.63008,-0.6497,-0.59238,-0.51625,-0.4771
1/01/2021,SAU,SAR,Saudi Arabia,14,3.7518,3.731542193,-0.2369,-0.27739,-0.15913,-0.0021,0.07867
,,,,,,,,,,,
1/01/2021,ZAF,ZAR,South Africa,33.5,15.5225,2.158157513,-0.55866,-0.58207,-0.51368,-0.42286,-0.37615
1/01/2021,KOR,KRW,South Korea,4500,1097.35,4.100788263,-0.16139,-0.20588,-0.07592,0.09665,0.1854
,,,,,,,,,,,
,,,,,,,,,,,
,,,,,,,,,,,
,,,,,,,,,,,
,,,,,,,,,,,
1/01/2021,TUR,TRY,Turkey,14.99,7.4705,2.006559133,-0.58966,-0.61143,-0.54784,-0.4634,-0.41997
,,,,,,,,,,,
,,,,,,,,,,,
1/01/2021,USA,USD,United States,4.89,1,4.89,0,-0.05305,0.10192,0.3077,0.41354
,,,,,,,,,,,
,,,,,,,,,,,
1/07/2021,ARG,ARS,Argentina,380,96.33375,3.944619617,-0.19987,-0.21829,-0.16963,0.11193,0.14107
1/07/2021,AUS,AUD,Australia,6.55,1.366586949,4.7929625,-0.0278,-0.05017,0.00896,0.35106,0.38647
,,,,,,,,,,,
,,,,,,,,,,,
1/07/2021,BRA,BRL,Brazil,22.9,5.24865,4.363026683,-0.115,-0.13537,-0.08155,0.22987,0.2621
1/07/2021,GBR,GBP,Britain,3.49,0.734672887,4.750413499,-0.03643,-0.0586,0,0.33907,0.37416
1/07/2021,CAN,CAD,Canada,6.77,1.2741,5.313554666,0.0778,0.053,0.11855,0.49781,0.53706
,,,,,,,,,,,
1/07/2021,CHN,CNY,China,22.4,6.4797,3.456950167,-0.29879,-0.31493,-0.27228,-0.02554,0
,,,,,,,,,,,
,,,,,,,,,,,
,,,,,,,,,,,
,,,,,,,,,,,
,,,,,,,,,,,
,,,,,,,,,,,
,,,,,,,,,,,
,,,,,,,,,,,
,,,,,,,,,,,
,,,,,,,,,,,
,,,,,,,,,,,
1/07/2021,IND,INR,India,190,74.615,2.546404878,-0.48349,-0.49537,-0.46396,-0.28221,-0.2634
1/07/2021,IDN,IDR,Indonesia,34000,14517.5,2.342001033,-0.52495,-0.53588,-0.50699,-0.33983,-0.32252
,,,,,,,,,,,
1/07/2021,JPN,JPY,Japan,390,109.935,3.547550825,-0.28042,-0.29697,-0.25321,0,0.02621
,,,,,,,,,,,
,,,,,,,,,,,
,,,,,,,,,,,
,,,,,,,,,,,
1/07/2021,MEX,MXN,Mexico,64,20.13525,3.178505358,-0.35527,-0.37011,-0.3309,-0.10403,-0.08055
,,,,,,,,,,,
,,,,,,,,,,,
,,,,,,,,,,,
,,,,,,,,,,,
,,,,,,,,,,,
,,,,,,,,,,,
,,,,,,,,,,,
,,,,,,,,,,,
,,,,,,,,,,,
,,,,,,,,,,,
,,,,,,,,,,,
1/07/2021,RUS,RUB,Russia,135,74.53,1.811351134,-0.63259,-0.64104,-0.6187,-0.48941,-0.47603
1/07/2021,SAU,SAR,Saudi Arabia,14,3.7507,3.732636575,-0.24287,-0.26029,-0.21425,0.05217,0.07975
,,,,,,,,,,,
1/07/2021,ZAF,ZAR,South Africa,33.5,14.6625,2.284739983,-0.53656,-0.54723,-0.51904,-0.35597,-0.33909
1/07/2021,KOR,KRW,South Korea,4600,1150.35,3.998782979,-0.18889,-0.20755,-0.15822,0.1272,0.15674
,,,,,,,,,,,
,,,,,,,,,,,
,,,,,,,,,,,
,,,,,,,,,,,
,,,,,,,,,,,
1/07/2021,TUR,TRY,Turkey,19.99,8.55725,2.336030851,-0.52616,-0.53706,-0.50825,-0.34151,-0.32425
,,,,,,,,,,,
,,,,,,,,,,,
1/07/2021,USA,USD,United States,4.93,1,4.93,0,-0.02301,0.0378,0.38969,0.42611
,,,,,,,,,,,
,,,,,,,,,,,
,,,,,,,,,,,
1/01/2022,ARG,ARS,Argentina,450,105.0165,4.285040922,-0.14979,-0.13518,-0.11035,0.26601,0.11786
1/01/2022,AUS,AUD,Australia,6.4,1.419345682,4.509119999,-0.10533,-0.08995,-0.06382,0.33221,0.17632
,,,,,,,,,,,
,,,,,,,,,,,
1/01/2022,BRA,BRL,Brazil,22.9,5.31,4.312617702,-0.14432,-0.12961,-0.10462,0.27416,0.12505
1/01/2022,GBR,GBP,Britain,3.59,0.745350874,4.8165235,-0.04434,-0.02791,0,0.42304,0.25651
1/01/2022,CAN,CAD,Canada,6.77,1.2718,5.323164019,0.05618,0.07434,0.10519,0.57272,0.38868
,,,,,,,,,,,
1/01/2022,CHN,CNY,China,24.4,6.36535,3.833253474,-0.23943,-0.22636,-0.20415,0.13253,0
,,,,,,,,,,,
,,,,,,,,,,,
,,,,,,,,,,,
,,,,,,,,,,,
,,,,,,,,,,,
,,,,,,,,,,,
,,,,,,,,,,,
,,,,,,,,,,,
,,,,,,,,,,,
,,,,,,,,,,,
,,,,,,,,,,,
1/01/2022,IND,INR,India,190,74.6225,2.54614895,-0.49481,-0.48613,-0.47137,-0.24774,-0.33577
1/01/2022,IDN,IDR,Indonesia,34000,14382,2.364066194,-0.53094,-0.52288,-0.50918,-0.30154,-0.38327
,,,,,,,,,,,
1/01/2022,JPN,JPY,Japan,390,115.225,3.384682144,-0.32844,-0.31689,-0.29728,0,-0.11702
,,,,,,,,,,,
,,,,,,,,,,,
,,,,,,,,,,,
,,,,,,,,,,,
1/01/2022,MEX,MXN,Mexico,69,20.649,3.341566178,-0.33699,-0.32559,-0.30623,-0.01274,-0.12827
,,,,,,,,,,,
,,,,,,,,,,,
,,,,,,,,,,,
,,,,,,,,,,,
,,,,,,,,,,,
,,,,,,,,,,,
,,,,,,,,,,,
,,,,,,,,,,,
,,,,,,,,,,,
,,,,,,,,,,,
,,,,,,,,,,,
1/01/2022,RUS,RUB,Russia,135,77.4175,1.743791778,-0.65401,-0.64806,-0.63796,-0.4848,-0.54509
1/01/2022,SAU,SAR,Saudi Arabia,15,3.7519,3.99797436,-0.20675,-0.19311,-0.16995,0.1812,0.04297
,,,,,,,,,,,
1/01/2022,ZAF,ZAR,South Africa,39.9,15.47,2.57918552,-0.48826,-0.47946,-0.46451,-0.23798,-0.32715
1/01/2022,KOR,KRW,South Korea,4600,1205.5,3.815844048,-0.24289,-0.22987,-0.20776,0.12739,-0.00454
,,,,,,,,,,,
,,,,,,,,,,,
,,,,,,,,,,,
,,,,,,,,,,,
,,,,,,,,,,,
1/01/2022,TUR,TRY,Turkey,24.99,13.4155,1.862770676,-0.6304,-0.62405,-0.61325,-0.44965,-0.51405
,,,,,,,,,,,
,,,,,,,,,,,
1/01/2022,USA,USD,United States,5.04,1,5.04,0,0.01719,0.0464,0.48906,0.31481
,,,,,,,,,,,
,,,,,,,,,,,
,,,,,,,,,,,
1/07/2022,ARG,ARS,Argentina,590,129.115,4.569569763,-0.1127,-0.04103,0.02918,0.61534,0.28469
1/07/2022,AUS,AUD,Australia,6.7,1.448435689,4.62568,-0.10181,-0.02925,0.04182,0.63518,0.30046
,,,,,,,,,,,
,,,,,,,,,,,
1/07/2022,BRA,BRL,Brazil,22.9,5.39175,4.247229564,-0.1753,-0.10868,-0.04342,0.5014,0.19406
1/07/2022,GBR,GBP,Britain,3.69,0.83108,4.440005776,-0.13786,-0.06822,0,0.56954,0.24826
1/07/2022,CAN,CAD,Canada,6.77,1.28915,5.251522321,0.01971,0.10209,0.18277,0.85641,0.47641
,,,,,,,,,,,
1/07/2022,CHN,CNY,China,24,6.74735,3.556951989,-0.30933,-0.25354,-0.19889,0.25738,0
,,,,,,,,,,,
,,,,,,,,,,,
,,,,,,,,,,,
,,,,,,,,,,,
,,,,,,,,,,,
,,,,,,,,,,,
,,,,,,,,,,,
,,,,,,,,,,,
,,,,,,,,,,,
,,,,,,,,,,,
1/07/2022,IND,INR,India,191,79.9513,2.388954276,-0.53613,-0.49865,-0.46195,-0.1555,-0.32837
1/07/2022,IDN,IDR,Indonesia,35000,14977.5,2.336838591,-0.54624,-0.50959,-0.47369,-0.17393,-0.34302
,,,,,,,,,,,
1/07/2022,JPN,JPY,Japan,390,137.865,2.828854314,-0.45071,-0.40634,-0.36287,0,-0.2047
,,,,,,,,,,,
,,,,,,,,,,,
,,,,,,,,,,,
,,,,,,,,,,,
1/07/2022,MEX,MXN,Mexico,70,20.4125,3.42927128,-0.33412,-0.28033,-0.22764,0.21225,-0.0359
,,,,,,,,,,,
,,,,,,,,,,,
,,,,,,,,,,,
,,,,,,,,,,,
,,,,,,,,,,,
,,,,,,,,,,,
,,,,,,,,,,,
,,,,,,,,,,,
,,,,,,,,,,,
,,,,,,,,,,,
,,,,,,,,,,,
1/07/2022,SAU,SAR,Saudi Arabia,17,3.755,4.527296937,-0.12091,-0.0499,0.01966,0.6004,0.2728
,,,,,,,,,,,
1/07/2022,ZAF,ZAR,South Africa,39.9,17.03625,2.342064715,-0.54523,-0.50849,-0.47251,-0.17208,-0.34155
1/07/2022,KOR,KRW,South Korea,4600,1313.45,3.50222696,-0.31996,-0.26502,-0.21121,0.23804,-0.01539
,,,,,,,,,,,
,,,,,,,,,,,
,,,,,,,,,,,
,,,,,,,,,,,
,,,,,,,,,,,
1/07/2022,TUR,TRY,Turkey,47,17.565,2.67577569,-0.48043,-0.43846,-0.39735,-0.05411,-0.24773
,,,,,,,,,,,
1/07/2022,USA,USD,United States,5.15,1,5.15,0,0.08078,0.15991,0.82053,0.44787
,,,,,,,,,,,
,,,,,,,,,,,
,,,,,,,,,,,
